Event ID,Timestamp,Source IP,Destination IP,User Agent,Attack Type,Attack Severity,Data Exfiltrated,Threat Intelligence,Response Action,Label,,,,,,,,,,,,
11206,16728,5890,13791,1791,SSH-Patator,0,TRUE,8815,2,0,,,,,,,,,,,,
17645,18182,7572,13631,3542,DDoS,0,TRUE,14105,1,0,,,,,,,,,,,,
7141,19842,19987,12091,4758,Web Attack - XSS,1,TRUE,6679,1,1,,,,,,,,,,,,
5761,12574,6378,14210,1575,FTP-Patator,2,FALSE,10026,1,1,,,,,,,,,,,,
17896,11554,16486,12023,3720,Web Attack - Brute Force,2,FALSE,12023,1,1,,,,,,,,,"Heartbleed"", ""Infiltration"", ""PortScan"", ""SSH-Patator"", ""Web Attack – Brute Force"",",,,
19108,11407,19300,19044,2350,DDoS,2,TRUE,10274,1,0,,,,,,,,,"                ""Web Attack – Sql Injection"", ""Web Attack – XSS",,,
10454,8615,1481,13786,1157,Heartbleed,3,TRUE,11203,2,1,,,,,,,,,,,,
12092,14310,4988,12429,2883,Web Attack - Brute Force,3,TRUE,4921,1,0,,,,,,,,,,,,
2258,9765,9472,11104,3926,Bot,1,FALSE,3869,2,1,,,,,,,,,,,,
8792,5858,2311,11252,3658,Web Attack - XSS,0,TRUE,11957,1,1,,,,,,,,,,,,"                ""Heartbleed"", ""Infiltration"", ""PortScan"", ""SSH-Patator"", ""Web Attack – Brute Force"","
1866,6975,13518,17819,2331,DoS Hulk,1,FALSE,5065,1,0,,,,,,,,,,,,"                ""Web Attack – Sql Injection"", ""Web Attack – XSS"""
7553,13697,19173,2193,2118,DoS Slowhttptest,2,TRUE,1999,2,0,,,,,,,,,,,,
5771,16151,9813,9927,3666,PortScan,3,TRUE,8415,0,0,,,,,,,,,,,,
8619,19474,16398,10236,3473,DDoS,0,TRUE,5107,2,0,,,,,,,,,,,,
3418,17827,10217,12969,4183,Infiltration,3,TRUE,4873,2,0,,,,,,,,,,,,
11465,15910,8301,2470,1278,Infiltration,0,FALSE,13421,0,0,,,,,,,,,,,,
18603,9489,7068,16139,3235,Heartbleed,1,TRUE,14071,1,0,,,,,,,,,,,,
7451,16100,11894,13715,1720,Infiltration,1,TRUE,7580,2,1,,,,,,,,,,,,
9762,5740,4368,3672,4665,Infiltration,0,FALSE,10467,2,0,,,,,,,,,,,,
18922,6459,16090,9392,4626,Heartbleed,1,TRUE,5796,1,0,,,,,,,,,,,,
18265,18768,8651,6652,1406,DoS Hulk,0,FALSE,5584,0,1,,,,,,,,,,,,
12210,13948,16995,14101,1439,PortScan,3,FALSE,4531,1,1,,,,,,,,,,,,
5742,5926,5597,10043,1255,Web Attack - Sql Injection,2,FALSE,12751,2,1,,,,,,,,,,,,
11319,14891,3369,7824,2218,DDoS,0,FALSE,11063,2,1,,,,,,,,,,,,
4575,16501,17002,15302,2951,Web Attack - Brute Force,2,FALSE,14726,0,0,,,,,,,,,,,,
9610,7237,5319,19288,2538,Web Attack - Brute Force,1,TRUE,13119,2,1,,,,,,,,,,,,
8810,7161,19918,8578,3243,FTP-Patator,2,FALSE,13544,2,1,,,,,,,,,,,,
10316,14529,16789,11209,3481,Web Attack - Brute Force,3,FALSE,10762,1,0,,,,,,,,,,,,
5430,5307,10517,4673,3268,Web Attack - XSS,2,FALSE,5296,2,1,,,,,,,,,,,,
16742,9433,17800,6360,2164,Bot,0,FALSE,13921,2,0,,,,,,,,,,,,
1717,13902,19930,14731,3220,DoS Hulk,0,FALSE,10057,1,0,,,,,,,,,,,,
11895,18463,3391,3406,2285,PortScan,3,TRUE,6387,1,0,,,,,,,,,,,,
9915,8752,4086,13303,1935,Bot,2,FALSE,9625,2,1,,,,,,,,,,,,
3394,10810,10715,10053,1970,PortScan,0,TRUE,13664,1,0,,,,,,,,,,,,
2387,17744,11716,8433,3089,Web Attack - XSS,1,TRUE,1354,0,1,,,,,,,,,,,,
15101,13699,13765,4586,2517,DDoS,2,TRUE,1966,1,0,,,,,,,,,,,,
13861,12724,2764,7627,4692,BENIGN,0,TRUE,4400,1,1,,,,,,,,,,,,
12809,15432,9172,7793,3108,DoS DoldenEye,1,TRUE,9594,2,0,,,,,,,,,,,,
7200,14468,1140,10352,3134,Infiltration,3,FALSE,7541,1,1,,,,,,,,,,,,
17384,18005,1823,9858,3551,Web Attack - Brute Force,1,FALSE,14027,0,0,,,,,,,,,,,,
5114,7008,3277,14300,2237,Web Attack - XSS,0,FALSE,9753,2,0,,,,,,,,,,,,
15529,14018,19827,15778,3051,BENIGN,1,FALSE,4564,0,0,,,,,,,,,,,,
16598,14126,17695,2713,3059,DoS Slowhttptest,3,FALSE,10344,1,1,,,,,,,,,,,,
6114,9083,13481,1620,1819,DDoS,0,FALSE,13002,1,0,,,,,,,,,,,,
8576,13889,12528,19641,4569,Heartbleed,0,FALSE,14209,0,1,,,,,,,,,,,,
16398,8296,15251,19104,1980,DoS DoldenEye,2,FALSE,14318,0,1,,,,,,,,,,,,
19339,9622,15890,3158,3704,Web Attack - XSS,3,TRUE,4477,2,1,,,,,,,,,,,,
19403,19956,11849,17840,3759,Infiltration,2,FALSE,4358,0,1,,,,,,,,,,,,
11281,15897,18030,17780,2778,Web Attack - Brute Force,3,TRUE,3974,0,1,,,,,,,,,,,,
5867,5285,8171,1894,1147,BENIGN,1,TRUE,861,1,0,,,,,,,,,,,,
11480,14976,2284,11994,1471,SSH-Patator,2,FALSE,9765,2,0,,,,,,,,,,,,
7725,18929,15643,14296,1232,DoS Slowhttptest,0,FALSE,8249,2,0,,,,,,,,,,,,
16384,19634,7022,17134,4562,DoS DoldenEye,3,TRUE,8591,1,0,,,,,,,,,,,,
14119,12991,9415,1201,3713,Web Attack - XSS,3,TRUE,969,1,1,,,,,,,,,,,,
3678,18924,15762,4361,1194,BENIGN,1,FALSE,14742,1,1,,,,,,,,,,,,
8102,13158,11953,15205,1693,Bot,3,TRUE,12473,2,0,,,,,,,,,,,,
14315,10400,1950,18475,3336,Bot,2,TRUE,511,0,1,,,,,,,,,,,,
10867,10985,10230,13901,3067,Web Attack - Brute Force,3,TRUE,9109,1,0,,,,,,,,,,,,
10037,11884,6333,17552,3470,DoS Slowhttptest,1,FALSE,7931,1,0,,,,,,,,,,,,
15197,11843,10313,1922,4643,Web Attack - Brute Force,0,TRUE,14398,1,1,,,,,,,,,,,,
17724,8416,15342,18572,4368,Infiltration,3,TRUE,13985,1,1,,,,,,,,,,,,
13795,14100,9317,12835,3210,DDoS,0,FALSE,8095,2,0,,,,,,,,,,,,
18413,6633,12132,14724,1434,DoS Hulk,3,TRUE,8320,2,1,,,,,,,,,,,,
3120,9051,6791,10924,3290,DoS Hulk,3,FALSE,11946,1,0,,,,,,,,,,,,
7998,8933,16483,9420,2516,DoS Slowhttptest,2,TRUE,13485,0,1,,,,,,,,,,,,
15935,18093,2933,8399,1113,Web Attack - XSS,2,TRUE,10486,0,1,,,,,,,,,,,,
15697,13195,11255,15742,1566,Web Attack - XSS,0,TRUE,8009,2,1,,,,,,,,,,,,
13030,17279,3565,16928,2224,DoS slowloris,0,FALSE,13630,1,0,,,,,,,,,,,,
12879,6810,6375,9506,3581,Web Attack - XSS,3,TRUE,6133,2,0,,,,,,,,,,,,
4576,10666,15950,5090,3517,BENIGN,0,TRUE,6906,1,1,,,,,,,,,,,,
8032,14774,4866,17831,2478,Bot,1,FALSE,11857,0,0,,,,,,,,,,,,
9957,12147,13961,7239,3499,SSH-Patator,0,FALSE,8910,2,1,,,,,,,,,,,,
1917,15241,4136,3498,4638,Web Attack - XSS,0,TRUE,3009,0,1,,,,,,,,,,,,
4715,7001,10570,4016,3435,Infiltration,0,FALSE,1238,2,0,,,,,,,,,,,,
16295,9532,9740,19659,4551,DoS Hulk,1,TRUE,1822,0,0,,,,,,,,,,,,
7542,10128,13993,2570,2997,BENIGN,0,TRUE,14635,1,0,,,,,,,,,,,,
15690,16994,8895,7192,2853,Web Attack - XSS,0,TRUE,939,1,0,,,,,,,,,,,,
6276,12322,19560,6925,3667,Web Attack - XSS,3,TRUE,10759,1,1,,,,,,,,,,,,
13564,9182,8505,2175,2344,Web Attack - Brute Force,1,TRUE,2828,0,0,,,,,,,,,,,,
5864,6136,6570,3873,1247,Web Attack - XSS,1,TRUE,7210,1,0,,,,,,,,,,,,
3846,15036,6935,8807,3267,Web Attack - Brute Force,1,TRUE,6902,1,0,,,,,,,,,,,,
16111,8503,3422,19180,3114,Infiltration,0,TRUE,3268,0,0,,,,,,,,,,,,
3730,6722,3729,15712,1822,Web Attack - XSS,2,FALSE,3542,0,0,,,,,,,,,,,,
2685,13803,19553,16275,4759,Web Attack - XSS,0,FALSE,11502,0,0,,,,,,,,,,,,
18726,11783,16027,3590,1761,DoS DoldenEye,1,FALSE,4789,0,0,,,,,,,,,,,,
19430,11964,8324,2874,3212,Web Attack - Sql Injection,1,FALSE,1332,0,0,,,,,,,,,,,,
1741,12380,9173,14989,2851,DoS Slowhttptest,2,TRUE,1561,2,1,,,,,,,,,,,,
2861,13428,13522,13089,1601,Web Attack - XSS,0,FALSE,2927,2,1,,,,,,,,,,,,
8494,9124,19975,19784,4277,Bot,0,FALSE,4629,1,1,,,,,,,,,,,,
9695,16011,18012,16313,2386,Web Attack - XSS,2,FALSE,10239,1,0,,,,,,,,,,,,
19918,7165,15906,6460,1872,PortScan,1,TRUE,3764,0,0,,,,,,,,,,,,
7952,8535,8582,3654,1392,Web Attack - Brute Force,1,TRUE,12266,1,1,,,,,,,,,,,,
13953,13530,17909,13259,3420,DDoS,3,TRUE,9060,0,1,,,,,,,,,,,,
15451,14506,16887,4433,4901,Bot,1,TRUE,13064,0,0,,,,,,,,,,,,
4871,8577,8963,14884,2363,DoS Hulk,1,FALSE,9852,0,1,,,,,,,,,,,,
3036,7011,13180,4044,2588,Web Attack - Sql Injection,0,FALSE,6419,1,1,,,,,,,,,,,,
6562,19372,14734,7859,4156,BENIGN,0,FALSE,11790,0,1,,,,,,,,,,,,
7348,5333,5039,19373,1142,Web Attack - XSS,3,TRUE,2888,2,1,,,,,,,,,,,,
19304,6103,12052,11796,4293,Web Attack - XSS,1,TRUE,7073,0,1,,,,,,,,,,,,
10479,14663,2885,12449,1687,DoS slowloris,1,TRUE,1053,1,0,,,,,,,,,,,,
6204,10759,5146,1355,2220,Bot,1,FALSE,9143,1,1,,,,,,,,,,,,
14281,15450,14030,12512,1224,FTP-Patator,0,FALSE,11055,2,1,,,,,,,,,,,,
14508,15581,1324,18643,4662,Infiltration,0,TRUE,5597,2,0,,,,,,,,,,,,
6911,15554,16674,17522,4689,FTP-Patator,3,FALSE,10543,1,0,,,,,,,,,,,,
19878,13314,8388,3521,3981,Web Attack - Sql Injection,1,TRUE,853,0,1,,,,,,,,,,,,
6493,12762,1346,11249,4640,DDoS,1,TRUE,2598,1,1,,,,,,,,,,,,
2912,6395,18164,8255,2567,Bot,2,TRUE,10735,2,0,,,,,,,,,,,,
14779,19479,18612,7064,1108,BENIGN,2,FALSE,8789,0,1,,,,,,,,,,,,
7237,12865,13973,19591,4849,FTP-Patator,2,TRUE,12513,0,0,,,,,,,,,,,,
5956,13548,4484,19902,2967,DDoS,2,FALSE,7740,2,1,,,,,,,,,,,,
19248,8803,4338,11720,2914,Web Attack - XSS,2,TRUE,12941,2,0,,,,,,,,,,,,
1605,18608,6122,8114,4503,Web Attack - XSS,2,TRUE,6615,1,1,,,,,,,,,,,,
5796,14945,2479,17908,1805,Infiltration,3,TRUE,1185,2,0,,,,,,,,,,,,
7324,19044,2695,1049,4016,Web Attack - XSS,3,FALSE,1593,2,0,,,,,,,,,,,,
3347,5392,9212,12217,2112,DDoS,2,FALSE,1658,0,0,,,,,,,,,,,,
18618,14051,18467,11718,2984,DDoS,0,TRUE,12076,2,1,,,,,,,,,,,,
19118,11609,9900,1282,4796,DoS Hulk,2,TRUE,12698,0,0,,,,,,,,,,,,
1365,16397,4076,11337,3111,SSH-Patator,3,FALSE,7820,0,0,,,,,,,,,,,,
8092,17939,5380,4220,2680,SSH-Patator,3,FALSE,7466,0,1,,,,,,,,,,,,
4750,15556,19464,18913,1745,DoS DoldenEye,0,FALSE,6880,0,1,,,,,,,,,,,,
4159,17509,4246,4801,1119,Web Attack - XSS,2,TRUE,13393,0,0,,,,,,,,,,,,
14890,16533,16576,14677,3725,FTP-Patator,2,TRUE,14682,2,1,,,,,,,,,,,,
7691,15798,14568,5926,4215,Bot,2,FALSE,8517,1,0,,,,,,,,,,,,
18007,6382,8095,18889,4729,Web Attack - XSS,3,TRUE,973,2,0,,,,,,,,,,,,
12013,19655,10801,17859,3309,BENIGN,2,FALSE,7396,0,0,,,,,,,,,,,,
15656,8032,12518,5941,3160,SSH-Patator,2,TRUE,14999,0,0,,,,,,,,,,,,
2231,5279,7123,9654,3535,Web Attack - XSS,3,FALSE,3873,0,1,,,,,,,,,,,,
5694,11240,2173,12180,4002,Web Attack - XSS,0,FALSE,14286,0,0,,,,,,,,,,,,
19182,10106,3939,17162,2722,SSH-Patator,0,TRUE,12542,2,0,,,,,,,,,,,,
2533,19977,14495,19463,1355,Web Attack - XSS,0,TRUE,13574,1,1,,,,,,,,,,,,
12688,14789,5957,5793,4186,DoS slowloris,1,FALSE,12733,1,0,,,,,,,,,,,,
14558,11822,16125,11935,1814,FTP-Patator,1,FALSE,10474,0,1,,,,,,,,,,,,
1574,9209,16434,4316,1702,DDoS,3,TRUE,12432,2,1,,,,,,,,,,,,
14539,11942,5779,11931,4476,DoS DoldenEye,0,FALSE,1069,1,1,,,,,,,,,,,,
10271,14996,12865,2982,1412,Bot,3,TRUE,12229,1,1,,,,,,,,,,,,
7126,19971,5763,15733,2455,DoS Slowhttptest,1,FALSE,2883,2,0,,,,,,,,,,,,
11949,19178,14285,17347,4231,Infiltration,1,TRUE,8351,2,0,,,,,,,,,,,,
7471,18334,19667,1218,1506,DoS slowloris,0,TRUE,6831,0,0,,,,,,,,,,,,
6846,17438,9986,11805,3757,BENIGN,3,TRUE,3864,0,0,,,,,,,,,,,,
9985,19790,9992,9627,4252,DoS slowloris,1,TRUE,14178,1,0,,,,,,,,,,,,
19716,18350,15474,9776,1696,Web Attack - Brute Force,2,TRUE,4464,2,0,,,,,,,,,,,,
17368,19648,17145,12638,3234,Heartbleed,3,FALSE,3794,2,1,,,,,,,,,,,,
1569,6201,2962,1236,3242,Web Attack - Brute Force,2,FALSE,644,0,0,,,,,,,,,,,,
7561,13866,2509,2536,4731,Web Attack - Brute Force,2,FALSE,9844,2,1,,,,,,,,,,,,
3606,14740,6786,8667,4498,DoS slowloris,0,TRUE,14641,1,1,,,,,,,,,,,,
18343,19799,7706,2477,1499,DoS Hulk,1,FALSE,5392,2,0,,,,,,,,,,,,
16040,12801,7614,15388,2673,Web Attack - XSS,2,FALSE,14698,2,1,,,,,,,,,,,,
19105,14701,1299,5415,2598,Heartbleed,0,FALSE,14510,0,1,,,,,,,,,,,,
9270,17773,17871,7438,4903,BENIGN,3,FALSE,8854,0,0,,,,,,,,,,,,
19012,12266,9269,9960,1530,DoS DoldenEye,3,FALSE,11429,1,0,,,,,,,,,,,,
6166,11459,12223,14904,3332,Bot,2,TRUE,5218,1,1,,,,,,,,,,,,
17320,14064,17307,14050,3075,DDoS,2,FALSE,11082,2,1,,,,,,,,,,,,
3378,14657,18132,2758,4886,Heartbleed,3,TRUE,6527,0,1,,,,,,,,,,,,
6867,14473,13456,17877,2360,DoS Slowhttptest,1,TRUE,9416,1,1,,,,,,,,,,,,
5663,10298,5387,11466,2661,DDoS,3,FALSE,6763,1,0,,,,,,,,,,,,
2997,9906,8718,15699,4181,PortScan,2,FALSE,5774,2,0,,,,,,,,,,,,
13863,5193,2576,1641,4760,Bot,3,TRUE,4844,0,1,,,,,,,,,,,,
15975,7741,8143,15090,1172,Heartbleed,0,FALSE,995,0,1,,,,,,,,,,,,
3465,8267,13724,6353,1149,SSH-Patator,2,TRUE,2659,1,1,,,,,,,,,,,,
1923,6513,4392,19031,1146,Web Attack - XSS,3,FALSE,11629,2,1,,,,,,,,,,,,
15832,14186,6082,17489,3724,Web Attack - Brute Force,3,TRUE,11689,1,1,,,,,,,,,,,,
15702,6200,6779,19562,3620,DDoS,0,FALSE,3747,2,0,,,,,,,,,,,,
8364,16170,18170,2600,4026,Web Attack - XSS,3,FALSE,5772,2,0,,,,,,,,,,,,
7064,18174,10617,11257,1048,SSH-Patator,3,FALSE,3642,0,1,,,,,,,,,,,,
3122,12885,18797,12729,2089,SSH-Patator,0,FALSE,5201,2,1,,,,,,,,,,,,
8126,12700,16688,19451,3291,Bot,2,FALSE,7671,1,1,,,,,,,,,,,,
11220,17224,3704,11118,2970,DoS Hulk,3,TRUE,719,1,0,,,,,,,,,,,,
1794,16647,3387,10032,1485,SSH-Patator,1,TRUE,6523,1,0,,,,,,,,,,,,
19039,13469,12906,4824,3662,DoS DoldenEye,0,FALSE,4550,1,0,,,,,,,,,,,,
5216,8760,18581,14909,3661,SSH-Patator,3,FALSE,7971,1,0,,,,,,,,,,,,
3292,5398,14350,8941,1226,FTP-Patator,1,TRUE,8932,2,1,,,,,,,,,,,,
13140,13007,5729,17506,3643,DoS slowloris,0,TRUE,12016,0,1,,,,,,,,,,,,
2085,17398,1404,8648,2264,Web Attack - Brute Force,0,FALSE,14055,1,0,,,,,,,,,,,,
12351,14421,15077,10415,1305,Web Attack - Brute Force,0,TRUE,9964,1,0,,,,,,,,,,,,
5660,15557,7158,19872,3490,DDoS,0,FALSE,5856,0,1,,,,,,,,,,,,
18786,8677,6761,4491,2750,DoS Hulk,0,FALSE,2352,2,0,,,,,,,,,,,,
12130,19627,6706,16527,1352,BENIGN,0,FALSE,5610,0,1,,,,,,,,,,,,
14306,16167,17494,9674,4612,Web Attack - XSS,2,FALSE,7535,0,1,,,,,,,,,,,,
19859,6933,19273,9909,2507,Web Attack - XSS,2,FALSE,596,2,1,,,,,,,,,,,,
5709,7135,8586,7258,1027,Web Attack - XSS,3,FALSE,3517,1,1,,,,,,,,,,,,
18416,5792,7830,17270,2440,Web Attack - XSS,2,FALSE,3665,2,1,,,,,,,,,,,,
16307,19119,4051,3452,4224,DoS DoldenEye,3,TRUE,1184,2,0,,,,,,,,,,,,
4968,8927,3048,9619,2038,Infiltration,3,FALSE,4440,1,1,,,,,,,,,,,,
10234,19136,6363,18108,2697,Web Attack - XSS,2,TRUE,6718,1,0,,,,,,,,,,,,
5625,9851,8774,14977,4973,PortScan,3,TRUE,10907,2,1,,,,,,,,,,,,
18955,17740,2780,18375,3221,DoS Hulk,3,TRUE,12049,0,0,,,,,,,,,,,,
3814,19558,13026,17735,1644,Web Attack - XSS,0,FALSE,8649,0,1,,,,,,,,,,,,
13119,14259,10417,17957,3912,Infiltration,3,FALSE,1542,0,0,,,,,,,,,,,,
5828,19932,7388,2374,2973,Web Attack - Brute Force,2,TRUE,7000,0,0,,,,,,,,,,,,
2529,12722,4367,10342,4606,FTP-Patator,2,FALSE,3757,0,0,,,,,,,,,,,,
12071,12165,13283,18167,3896,Web Attack - Brute Force,1,FALSE,747,1,0,,,,,,,,,,,,
3784,16375,7115,16801,1771,Web Attack - XSS,1,TRUE,6869,2,1,,,,,,,,,,,,
13084,11195,11325,15842,1784,Web Attack - XSS,1,TRUE,7243,1,1,,,,,,,,,,,,
13041,11737,19089,15164,4165,BENIGN,2,FALSE,13981,2,1,,,,,,,,,,,,
12264,15877,8350,3567,4813,Bot,2,FALSE,1502,2,1,,,,,,,,,,,,
6224,14092,15418,10295,2880,Web Attack - XSS,0,TRUE,9861,2,0,,,,,,,,,,,,
16752,18347,1914,3878,4343,Web Attack - XSS,0,TRUE,1474,0,1,,,,,,,,,,,,
1092,9814,11512,3987,4946,FTP-Patator,1,TRUE,13710,2,0,,,,,,,,,,,,
4276,10695,11021,9462,1285,Bot,0,TRUE,1632,2,0,,,,,,,,,,,,
3147,10001,5825,9479,1859,Infiltration,2,FALSE,14521,1,0,,,,,,,,,,,,
11027,19302,6373,5678,4310,Heartbleed,3,TRUE,3062,1,0,,,,,,,,,,,,
7028,19808,16387,7041,4722,FTP-Patator,3,TRUE,3827,1,0,,,,,,,,,,,,
17128,13618,9405,9150,4493,SSH-Patator,1,FALSE,14575,0,0,,,,,,,,,,,,
5866,6575,6527,10921,4204,Heartbleed,2,TRUE,2204,0,0,,,,,,,,,,,,
13001,14060,7272,2391,1218,FTP-Patator,1,TRUE,13892,2,0,,,,,,,,,,,,
5436,9507,15405,10834,4577,DDoS,3,FALSE,6984,0,0,,,,,,,,,,,,
14371,7570,5855,15223,2668,FTP-Patator,0,TRUE,11078,2,1,,,,,,,,,,,,
9340,13481,12884,2733,3805,DoS DoldenEye,1,FALSE,6631,1,0,,,,,,,,,,,,
13057,15684,12802,8487,4851,BENIGN,2,TRUE,10677,1,0,,,,,,,,,,,,
15665,6540,17878,17064,2522,Web Attack - Brute Force,2,FALSE,3163,1,0,,,,,,,,,,,,
6641,19647,18259,13462,4193,Heartbleed,3,TRUE,4473,1,1,,,,,,,,,,,,
9179,12345,1658,14327,1180,Infiltration,2,TRUE,5453,0,0,,,,,,,,,,,,
1669,11208,6674,19880,2549,BENIGN,0,FALSE,4355,1,0,,,,,,,,,,,,
14760,12106,6517,6687,3376,Web Attack - XSS,0,TRUE,928,2,0,,,,,,,,,,,,
11614,11962,19172,15165,3304,DoS Hulk,3,FALSE,8193,0,1,,,,,,,,,,,,
10963,17444,17382,10609,3820,Heartbleed,2,TRUE,11654,2,1,,,,,,,,,,,,
10129,14446,13828,17352,4318,Infiltration,0,TRUE,6812,1,1,,,,,,,,,,,,
14426,8976,7971,7468,4599,Web Attack - Sql Injection,2,TRUE,13142,0,1,,,,,,,,,,,,
17881,16212,8482,12973,1652,Bot,1,FALSE,10228,1,1,,,,,,,,,,,,
9966,6917,11946,5265,4492,BENIGN,1,TRUE,8147,0,1,,,,,,,,,,,,
12837,17038,13024,6364,2840,BENIGN,0,TRUE,12297,1,1,,,,,,,,,,,,
17331,19415,13919,7407,3383,Infiltration,3,FALSE,875,1,0,,,,,,,,,,,,
10633,13899,16430,8392,4312,Web Attack - XSS,1,TRUE,8166,0,1,,,,,,,,,,,,
10929,10036,2419,14333,3587,DoS Slowhttptest,3,FALSE,13487,0,1,,,,,,,,,,,,
9113,5177,18780,18230,1599,DoS slowloris,3,TRUE,11024,2,0,,,,,,,,,,,,
10722,10307,8312,15693,3032,Web Attack - Brute Force,2,FALSE,2441,2,1,,,,,,,,,,,,
16154,6188,15884,17265,4555,PortScan,2,FALSE,10317,0,0,,,,,,,,,,,,
7466,8254,1812,10470,2928,DoS Slowhttptest,3,TRUE,13606,0,1,,,,,,,,,,,,
5360,11645,15242,3112,2879,Heartbleed,1,FALSE,7558,0,1,,,,,,,,,,,,
8782,11458,4526,19917,2333,DoS slowloris,2,FALSE,5062,0,1,,,,,,,,,,,,
1313,17415,12941,2919,1409,Web Attack - XSS,3,TRUE,6037,2,0,,,,,,,,,,,,
12643,11041,4718,12944,2444,SSH-Patator,1,TRUE,10227,2,1,,,,,,,,,,,,
17731,8852,2198,5816,2907,Web Attack - XSS,0,TRUE,5969,2,1,,,,,,,,,,,,
1254,9701,3086,19575,2215,Heartbleed,0,TRUE,9727,0,0,,,,,,,,,,,,
7416,16744,17032,8450,4578,FTP-Patator,1,TRUE,14519,2,0,,,,,,,,,,,,
10730,15042,2417,10627,3616,Web Attack - XSS,0,TRUE,10766,1,0,,,,,,,,,,,,
15826,17543,19073,14002,2805,DoS DoldenEye,1,FALSE,3461,1,0,,,,,,,,,,,,
19074,5916,3787,6300,4785,DoS slowloris,2,FALSE,5840,1,1,,,,,,,,,,,,
13127,19248,8163,7101,3969,Web Attack - XSS,3,TRUE,13130,1,0,,,,,,,,,,,,
6740,7390,5915,19428,4933,DoS slowloris,1,FALSE,4716,2,1,,,,,,,,,,,,
17254,18161,14015,15512,2092,DoS slowloris,3,FALSE,5140,2,0,,,,,,,,,,,,
14753,6978,11058,7350,3886,DDoS,1,TRUE,13808,0,1,,,,,,,,,,,,
7568,18824,4606,12736,1450,DoS Hulk,2,TRUE,833,0,0,,,,,,,,,,,,
2277,13873,13013,17221,2174,PortScan,2,FALSE,2620,2,0,,,,,,,,,,,,
16136,10223,11263,3190,4930,DoS DoldenEye,1,TRUE,7506,0,0,,,,,,,,,,,,
8280,18444,14259,14156,2849,Web Attack - XSS,3,TRUE,3862,2,0,,,,,,,,,,,,
5315,8053,15255,2910,3676,Web Attack - Brute Force,2,TRUE,10283,1,1,,,,,,,,,,,,
5056,14103,17906,11563,4242,BENIGN,0,FALSE,10310,1,1,,,,,,,,,,,,
9767,11320,15545,11727,1632,Web Attack - XSS,2,FALSE,10066,1,1,,,,,,,,,,,,
2014,19362,3211,9355,2581,Web Attack - Sql Injection,3,FALSE,4060,0,0,,,,,,,,,,,,
18143,16192,19279,5457,2600,Web Attack - XSS,2,FALSE,14651,0,1,,,,,,,,,,,,
1961,16716,7602,12517,3081,Web Attack - Brute Force,0,TRUE,11190,2,0,,,,,,,,,,,,
6312,19568,9650,1632,3697,DoS Hulk,1,FALSE,9201,2,1,,,,,,,,,,,,
1420,8389,16603,8438,3012,Web Attack - XSS,0,FALSE,4432,1,1,,,,,,,,,,,,
13453,16373,9259,19074,2882,DoS slowloris,2,TRUE,10465,1,1,,,,,,,,,,,,
17954,13492,13178,10700,4616,DDoS,3,FALSE,4251,1,0,,,,,,,,,,,,
3009,7281,4693,7646,4510,DoS DoldenEye,2,TRUE,12318,0,1,,,,,,,,,,,,
15974,11055,3652,17248,3186,Web Attack - Brute Force,3,FALSE,3293,0,0,,,,,,,,,,,,
16814,15833,6453,6363,3498,Web Attack - Brute Force,0,TRUE,7543,2,0,,,,,,,,,,,,
8520,18872,12313,3057,2251,DDoS,0,TRUE,9093,2,0,,,,,,,,,,,,
19576,14930,8439,11640,4359,Web Attack - Brute Force,2,FALSE,5514,1,1,,,,,,,,,,,,
11773,9876,4312,16863,2822,DoS Hulk,0,TRUE,12211,1,1,,,,,,,,,,,,
10947,10195,7515,13556,1258,BENIGN,1,FALSE,6076,0,0,,,,,,,,,,,,
6051,11421,17283,8971,2725,Web Attack - Brute Force,2,TRUE,5896,2,0,,,,,,,,,,,,
1154,16052,6447,3068,2052,Web Attack - XSS,2,TRUE,993,1,0,,,,,,,,,,,,
12576,13315,5702,2276,3563,Heartbleed,3,FALSE,2708,0,1,,,,,,,,,,,,
14505,14148,9374,6220,2640,Heartbleed,0,FALSE,8702,1,1,,,,,,,,,,,,
18411,18197,2218,3077,4797,PortScan,2,FALSE,7022,1,0,,,,,,,,,,,,
9027,6081,19304,14097,3264,DoS Slowhttptest,1,FALSE,14479,0,1,,,,,,,,,,,,
4243,5189,19594,13370,2852,FTP-Patator,0,TRUE,13222,0,0,,,,,,,,,,,,
8851,8829,19264,10961,2834,Bot,2,FALSE,8337,0,1,,,,,,,,,,,,
11842,18543,19675,2130,2230,Infiltration,3,TRUE,3688,2,0,,,,,,,,,,,,
12077,15500,14552,10371,2241,DoS Hulk,1,TRUE,4760,1,0,,,,,,,,,,,,
16355,8001,10356,13570,1008,DDoS,1,FALSE,3235,2,1,,,,,,,,,,,,
12129,6842,16928,4812,2577,DoS Hulk,2,TRUE,5354,0,0,,,,,,,,,,,,
9875,19160,15171,2177,2130,SSH-Patator,0,FALSE,12321,2,1,,,,,,,,,,,,
14225,19219,10321,4800,4286,Web Attack - Brute Force,1,FALSE,4733,2,0,,,,,,,,,,,,
4759,5676,19318,16320,4158,BENIGN,1,FALSE,11659,2,0,,,,,,,,,,,,
3362,18054,11337,11221,4708,Web Attack - Sql Injection,2,TRUE,8802,1,1,,,,,,,,,,,,
15071,5048,2947,6195,4537,SSH-Patator,0,TRUE,14748,1,0,,,,,,,,,,,,
5741,9607,13344,5675,2012,FTP-Patator,2,FALSE,1367,2,0,,,,,,,,,,,,
3975,14391,16368,8492,1266,DoS Hulk,0,FALSE,10734,2,0,,,,,,,,,,,,
15906,16277,2778,7443,3236,DoS Slowhttptest,2,TRUE,9264,0,1,,,,,,,,,,,,
19855,16807,12794,9659,3285,DoS Hulk,0,TRUE,10873,1,0,,,,,,,,,,,,
3033,15876,7558,2601,1517,Heartbleed,2,FALSE,14918,0,1,,,,,,,,,,,,
2144,16341,7708,12290,1954,PortScan,2,TRUE,4130,1,1,,,,,,,,,,,,
14607,12437,10118,14710,4746,Heartbleed,3,FALSE,1626,2,1,,,,,,,,,,,,
14719,13736,17555,2422,4904,Web Attack - Brute Force,2,TRUE,5373,2,1,,,,,,,,,,,,
3581,7079,3536,13486,1607,PortScan,2,FALSE,12428,0,1,,,,,,,,,,,,
16580,17686,5147,5285,1492,BENIGN,1,TRUE,11635,2,1,,,,,,,,,,,,
3623,9889,7237,3455,1478,Heartbleed,1,FALSE,6700,2,1,,,,,,,,,,,,
15692,7810,5241,6726,2081,PortScan,1,TRUE,2427,0,1,,,,,,,,,,,,
19026,11292,12462,2724,3856,DDoS,3,TRUE,12094,0,1,,,,,,,,,,,,
13199,6283,9247,11620,1736,Web Attack - XSS,1,TRUE,7144,2,0,,,,,,,,,,,,
7617,6941,13820,16791,2254,DoS Slowhttptest,3,FALSE,2155,1,0,,,,,,,,,,,,
16642,7598,4839,3558,1792,Bot,1,TRUE,8192,2,1,,,,,,,,,,,,
3878,11947,19298,18391,2593,Web Attack - Sql Injection,1,FALSE,13565,1,1,,,,,,,,,,,,
18184,15823,10245,16938,3632,Web Attack - XSS,2,FALSE,5106,1,0,,,,,,,,,,,,
1508,8981,19748,19683,1223,Web Attack - XSS,1,FALSE,8016,1,0,,,,,,,,,,,,
16659,14953,3171,3161,3567,Heartbleed,2,TRUE,10812,1,1,,,,,,,,,,,,
4181,11453,7032,16626,2090,Infiltration,2,FALSE,10077,2,1,,,,,,,,,,,,
18945,13570,9409,8362,1808,Web Attack - XSS,0,FALSE,11827,0,1,,,,,,,,,,,,
15454,5862,18556,1083,2066,DoS DoldenEye,1,FALSE,13764,0,0,,,,,,,,,,,,
1591,18287,9294,12683,3116,Web Attack - Brute Force,0,TRUE,11594,1,0,,,,,,,,,,,,
2827,6104,3858,10381,3117,Web Attack - Brute Force,3,TRUE,5094,0,0,,,,,,,,,,,,
11861,19475,9036,6442,2926,Web Attack - XSS,3,TRUE,1615,0,1,,,,,,,,,,,,
8141,13635,8408,10083,4309,PortScan,1,TRUE,14230,2,1,,,,,,,,,,,,
3409,10233,11092,5414,1345,Web Attack - XSS,0,TRUE,7086,2,0,,,,,,,,,,,,
4722,11857,8727,8015,3693,DoS DoldenEye,2,FALSE,6842,1,0,,,,,,,,,,,,
8835,15732,19245,11700,1381,PortScan,0,TRUE,7385,2,0,,,,,,,,,,,,
14459,15030,14621,4704,1402,Web Attack - Sql Injection,3,FALSE,7783,2,0,,,,,,,,,,,,
16027,8271,13876,8675,4346,DoS DoldenEye,0,FALSE,13136,0,1,,,,,,,,,,,,
19802,6493,10794,3911,4575,Web Attack - Brute Force,1,FALSE,3465,1,1,,,,,,,,,,,,
2528,19879,18775,8940,1440,Web Attack - XSS,3,TRUE,8461,2,1,,,,,,,,,,,,
6686,7954,2384,6744,2982,Web Attack - XSS,2,FALSE,12674,0,1,,,,,,,,,,,,
11199,8698,6647,10155,1300,Heartbleed,0,TRUE,11939,1,1,,,,,,,,,,,,
3015,17698,17886,7841,3109,BENIGN,3,FALSE,11012,2,0,,,,,,,,,,,,
8177,13075,19234,18459,2939,Web Attack - XSS,1,TRUE,3716,1,0,,,,,,,,,,,,
13428,5611,12360,7600,2940,Web Attack - Brute Force,0,TRUE,8494,1,1,,,,,,,,,,,,
13183,14559,19267,10496,3866,FTP-Patator,1,TRUE,2697,2,0,,,,,,,,,,,,
19495,17757,15502,10029,1341,DoS Hulk,3,TRUE,13368,0,0,,,,,,,,,,,,
15375,5296,14418,15933,3465,DoS slowloris,0,TRUE,3460,0,0,,,,,,,,,,,,
12410,15688,8800,2228,2969,DDoS,2,TRUE,13639,2,1,,,,,,,,,,,,
2411,5366,11589,18462,1824,Heartbleed,0,TRUE,8653,1,1,,,,,,,,,,,,
5428,14293,13378,3430,3843,Web Attack - Sql Injection,2,FALSE,2970,0,1,,,,,,,,,,,,
8575,5343,13640,14091,2278,DDoS,1,FALSE,9629,0,0,,,,,,,,,,,,
11584,16056,18396,8258,1790,SSH-Patator,2,FALSE,11266,0,0,,,,,,,,,,,,
14946,11380,19460,2371,1670,Bot,1,TRUE,9123,2,1,,,,,,,,,,,,
6463,17963,1268,9474,2233,Web Attack - XSS,0,FALSE,2884,0,1,,,,,,,,,,,,
6068,19957,8216,5032,3840,Web Attack - Sql Injection,0,TRUE,9551,1,1,,,,,,,,,,,,
8425,11492,13733,1322,2067,DoS Hulk,2,TRUE,9186,0,1,,,,,,,,,,,,
18136,10564,8460,13586,1848,Web Attack - XSS,2,TRUE,14535,1,0,,,,,,,,,,,,
11517,9087,1313,3356,3283,Web Attack - Brute Force,2,FALSE,623,2,1,,,,,,,,,,,,
9368,5889,18842,1945,1959,FTP-Patator,2,FALSE,7293,1,1,,,,,,,,,,,,
13911,16481,15453,17966,4528,Bot,3,FALSE,14008,2,0,,,,,,,,,,,,
19532,10938,13427,5842,1990,SSH-Patator,1,FALSE,7471,1,1,,,,,,,,,,,,
11934,15304,12396,8972,2123,Bot,0,TRUE,8764,0,0,,,,,,,,,,,,
12367,18689,10891,13689,3195,DoS Slowhttptest,1,TRUE,4360,2,0,,,,,,,,,,,,
14925,17430,8456,8599,2861,Bot,2,TRUE,1617,0,1,,,,,,,,,,,,
19198,12619,10822,6495,4046,DDoS,1,TRUE,1441,0,1,,,,,,,,,,,,
4112,13960,17706,1098,4659,Web Attack - Brute Force,2,FALSE,5077,0,1,,,,,,,,,,,,
17870,10669,7519,7315,2596,PortScan,1,FALSE,6163,1,1,,,,,,,,,,,,
13854,8388,3673,19610,2639,Infiltration,1,FALSE,8399,2,0,,,,,,,,,,,,
7449,11923,1290,4728,2320,Infiltration,3,FALSE,14811,0,1,,,,,,,,,,,,
17459,5938,11366,8869,1874,Web Attack - XSS,1,TRUE,12769,1,1,,,,,,,,,,,,
5221,16809,6255,13971,3191,DDoS,3,FALSE,7124,0,1,,,,,,,,,,,,
11515,17321,1918,5115,3756,FTP-Patator,0,FALSE,2314,1,1,,,,,,,,,,,,
11320,16721,5709,8773,4890,BENIGN,1,FALSE,10901,1,0,,,,,,,,,,,,
19390,17749,16389,14450,3964,SSH-Patator,1,FALSE,7670,1,0,,,,,,,,,,,,
14042,10353,18977,4882,4487,Web Attack - Brute Force,1,TRUE,2076,2,0,,,,,,,,,,,,
5878,15362,7253,2152,1850,Web Attack - XSS,2,TRUE,13549,1,1,,,,,,,,,,,,
13644,14198,19703,10103,4608,Web Attack - Sql Injection,0,FALSE,8020,2,0,,,,,,,,,,,,
7639,14070,17468,14317,1067,SSH-Patator,1,TRUE,7017,1,1,,,,,,,,,,,,
2582,12170,12510,10526,4867,BENIGN,2,FALSE,8622,0,1,,,,,,,,,,,,
18456,5642,12170,10333,3275,DDoS,3,TRUE,13483,1,0,,,,,,,,,,,,
10556,7997,6160,4653,1620,PortScan,0,TRUE,14349,1,1,,,,,,,,,,,,
5270,10660,7491,19678,4530,PortScan,2,FALSE,5929,1,0,,,,,,,,,,,,
3840,19397,18519,16797,2685,DoS DoldenEye,2,TRUE,11625,2,0,,,,,,,,,,,,
3370,14234,14614,14641,1230,Heartbleed,0,FALSE,4377,2,0,,,,,,,,,,,,
12863,5591,7402,11241,2094,Web Attack - XSS,3,FALSE,884,1,0,,,,,,,,,,,,
14762,8163,19145,6385,4042,DoS slowloris,2,TRUE,4752,1,1,,,,,,,,,,,,
16356,7715,10524,10314,1681,DoS slowloris,3,TRUE,11741,2,0,,,,,,,,,,,,
19065,18904,11156,1303,3604,DDoS,2,TRUE,6591,1,1,,,,,,,,,,,,
1900,12183,15409,8177,3218,Web Attack - Sql Injection,0,TRUE,14278,2,0,,,,,,,,,,,,
11162,10912,4260,10625,1276,DoS DoldenEye,3,FALSE,12130,1,1,,,,,,,,,,,,
6482,6872,8367,19601,3415,Heartbleed,0,FALSE,8962,2,1,,,,,,,,,,,,
3052,17423,11587,15107,3259,Heartbleed,1,TRUE,7830,2,1,,,,,,,,,,,,
4167,15937,2091,3198,1313,Web Attack - Brute Force,3,TRUE,4634,1,1,,,,,,,,,,,,
14523,7263,5698,4183,3277,Web Attack - Brute Force,1,TRUE,4837,2,1,,,,,,,,,,,,
4399,19404,18250,9812,1385,Web Attack - XSS,0,TRUE,4768,1,1,,,,,,,,,,,,
15794,15964,2998,4456,1473,Bot,3,FALSE,14416,0,0,,,,,,,,,,,,
16836,11561,3346,11539,4832,PortScan,2,TRUE,10771,0,0,,,,,,,,,,,,
9182,16284,15314,10440,1136,Bot,2,FALSE,1802,0,0,,,,,,,,,,,,
2047,13071,11519,8273,1756,Web Attack - Sql Injection,1,TRUE,6230,1,1,,,,,,,,,,,,
8905,18694,5834,8970,4281,DoS slowloris,1,TRUE,14057,0,1,,,,,,,,,,,,
7876,11048,8593,1469,4108,DDoS,0,TRUE,12164,2,1,,,,,,,,,,,,
1820,14474,1535,5775,4499,DDoS,0,FALSE,11540,2,1,,,,,,,,,,,,
3316,7081,9555,5070,1818,Heartbleed,2,TRUE,13238,1,1,,,,,,,,,,,,
2511,10670,3694,5888,1420,SSH-Patator,2,FALSE,9317,2,1,,,,,,,,,,,,
10940,8680,9957,12041,2300,Bot,3,TRUE,2535,0,0,,,,,,,,,,,,
15085,15782,18740,13404,3552,DoS Hulk,3,TRUE,7178,0,0,,,,,,,,,,,,
18202,16181,13373,12677,3958,DoS slowloris,1,TRUE,5644,1,1,,,,,,,,,,,,
2441,6969,14092,14340,2117,Web Attack - XSS,2,TRUE,9500,2,1,,,,,,,,,,,,
16778,12455,10341,2816,3261,Web Attack - XSS,3,FALSE,3696,2,1,,,,,,,,,,,,
12456,12601,8992,2672,3286,Web Attack - XSS,3,TRUE,11533,0,1,,,,,,,,,,,,
18976,14437,11885,10736,3817,DoS DoldenEye,0,TRUE,3043,1,1,,,,,,,,,,,,
2585,15665,9262,14418,3825,Bot,2,TRUE,5988,0,0,,,,,,,,,,,,
16853,12908,7027,10174,2119,Infiltration,3,TRUE,11481,1,1,,,,,,,,,,,,
19872,12239,18845,17623,2904,DoS Hulk,2,TRUE,2917,0,0,,,,,,,,,,,,
17750,9333,13523,15040,2589,Bot,3,FALSE,10889,0,1,,,,,,,,,,,,
8733,7706,13925,6071,3338,Web Attack - Sql Injection,3,TRUE,1981,0,1,,,,,,,,,,,,
11822,8171,4747,6478,1650,Bot,3,FALSE,14375,2,1,,,,,,,,,,,,
17028,9026,14758,7001,1561,DoS slowloris,2,TRUE,2585,0,1,,,,,,,,,,,,
7508,11080,3933,12286,3774,Infiltration,3,FALSE,9411,2,0,,,,,,,,,,,,
5106,17429,13161,10876,4787,Web Attack - XSS,3,TRUE,14176,1,0,,,,,,,,,,,,
17323,14935,15608,12480,3812,Web Attack - XSS,2,TRUE,11175,2,0,,,,,,,,,,,,
9614,10328,12439,3047,1451,BENIGN,3,FALSE,11247,1,0,,,,,,,,,,,,
2045,8778,7366,6754,3328,SSH-Patator,1,FALSE,13532,2,1,,,,,,,,,,,,
12385,17010,19312,15144,4719,Web Attack - Sql Injection,1,TRUE,8783,0,1,,,,,,,,,,,,
6040,9967,12021,6408,2384,Infiltration,3,FALSE,4282,1,0,,,,,,,,,,,,
4587,8336,2143,17968,4838,SSH-Patator,3,FALSE,13477,0,0,,,,,,,,,,,,
19444,9839,19676,14359,2776,Heartbleed,1,TRUE,1571,1,0,,,,,,,,,,,,
6271,11037,11752,12861,3842,Bot,2,TRUE,14687,1,0,,,,,,,,,,,,
5466,18699,11043,18340,4072,Infiltration,1,FALSE,6203,2,1,,,,,,,,,,,,
12831,15696,15920,5235,4095,FTP-Patator,3,TRUE,8601,2,0,,,,,,,,,,,,
4877,17655,12782,12631,2526,Web Attack - Brute Force,2,TRUE,9587,0,0,,,,,,,,,,,,
9069,6484,13228,18713,4736,DDoS,2,TRUE,1938,2,0,,,,,,,,,,,,
14950,11868,2931,9883,4987,Heartbleed,0,FALSE,3241,0,1,,,,,,,,,,,,
15777,5692,15136,19915,2919,Web Attack - Sql Injection,2,FALSE,10823,2,1,,,,,,,,,,,,
8963,10347,2109,10878,3265,Heartbleed,2,FALSE,6702,1,0,,,,,,,,,,,,
12115,19076,13673,17464,3578,Web Attack - XSS,0,FALSE,9783,2,1,,,,,,,,,,,,
19281,5840,9969,7662,1583,FTP-Patator,3,TRUE,876,1,0,,,,,,,,,,,,
16831,19123,5327,1954,2889,BENIGN,2,FALSE,14189,1,0,,,,,,,,,,,,
7080,12689,9156,5685,1123,Infiltration,3,TRUE,10914,2,0,,,,,,,,,,,,
19299,5733,7827,13371,3025,Web Attack - Sql Injection,3,TRUE,14377,2,1,,,,,,,,,,,,
17412,6678,6593,2333,1611,Web Attack - XSS,2,TRUE,8691,0,0,,,,,,,,,,,,
15124,13944,5976,1494,3844,BENIGN,0,FALSE,12258,2,0,,,,,,,,,,,,
10737,9632,10456,5158,3232,Web Attack - Brute Force,3,TRUE,1038,2,1,,,,,,,,,,,,
16202,10030,9725,4021,3483,FTP-Patator,3,TRUE,12305,2,0,,,,,,,,,,,,
18932,15936,3206,12141,2727,BENIGN,2,FALSE,5881,1,1,,,,,,,,,,,,
15364,7186,8162,12839,3307,Web Attack - Brute Force,0,TRUE,8021,2,0,,,,,,,,,,,,
19102,7947,19162,2403,3145,FTP-Patator,0,TRUE,5447,1,1,,,,,,,,,,,,
8009,12751,12019,18751,4821,FTP-Patator,0,FALSE,13759,2,0,,,,,,,,,,,,
17615,15955,13659,9216,3299,DDoS,2,FALSE,8048,1,1,,,,,,,,,,,,
15505,16572,9527,10507,4351,DoS Slowhttptest,0,FALSE,3418,2,1,,,,,,,,,,,,
16005,18911,11787,15850,4676,DoS slowloris,1,TRUE,6288,2,1,,,,,,,,,,,,
2007,6016,7056,6469,4774,Web Attack - Sql Injection,2,TRUE,1218,0,0,,,,,,,,,,,,
11074,19927,12307,4314,3030,BENIGN,2,TRUE,3791,2,0,,,,,,,,,,,,
15265,11992,9614,10482,2993,Web Attack - XSS,3,FALSE,6947,2,1,,,,,,,,,,,,
11486,5490,4937,10406,1376,BENIGN,1,TRUE,5575,2,1,,,,,,,,,,,,
3108,13883,1241,8278,1565,DoS Slowhttptest,1,FALSE,11627,1,1,,,,,,,,,,,,
11757,13223,2069,9130,2560,FTP-Patator,3,FALSE,11062,2,0,,,,,,,,,,,,
8162,14314,12755,19868,4839,SSH-Patator,2,FALSE,4526,1,0,,,,,,,,,,,,
15305,12395,18348,7440,1871,SSH-Patator,1,FALSE,7533,2,0,,,,,,,,,,,,
9196,15524,11887,9948,1815,Heartbleed,3,FALSE,10564,1,0,,,,,,,,,,,,
18828,7339,19814,9320,2391,Web Attack - XSS,0,TRUE,2863,2,1,,,,,,,,,,,,
10305,15336,9387,16132,1549,DoS slowloris,1,FALSE,8120,0,1,,,,,,,,,,,,
2302,13839,2884,9553,2480,Web Attack - Brute Force,2,FALSE,4298,2,1,,,,,,,,,,,,
15795,10585,8147,2293,2074,DoS Hulk,2,FALSE,10475,2,0,,,,,,,,,,,,
9369,13272,8327,13692,4354,Web Attack - Brute Force,0,FALSE,559,0,1,,,,,,,,,,,,
17083,10228,16908,19625,2185,Web Attack - Brute Force,3,FALSE,3875,1,0,,,,,,,,,,,,
4072,5138,6477,14765,4937,SSH-Patator,3,FALSE,8275,2,0,,,,,,,,,,,,
7756,12644,2165,8950,4803,DoS DoldenEye,0,FALSE,7717,2,1,,,,,,,,,,,,
19425,6301,11673,13155,1537,Bot,3,TRUE,8222,1,0,,,,,,,,,,,,
14661,18762,8555,17662,1802,Web Attack - Brute Force,1,TRUE,13819,1,0,,,,,,,,,,,,
17105,5140,5839,1052,2005,Bot,2,FALSE,1486,0,1,,,,,,,,,,,,
6628,12889,9096,16590,1034,PortScan,0,FALSE,11114,1,0,,,,,,,,,,,,
2194,11364,5782,7277,2058,Web Attack - XSS,0,TRUE,2743,2,1,,,,,,,,,,,,
15602,16031,19420,4702,1191,DoS slowloris,1,TRUE,7365,1,0,,,,,,,,,,,,
7867,14532,8270,8639,2558,Heartbleed,3,FALSE,6416,2,0,,,,,,,,,,,,
16548,16220,1641,12346,2353,Web Attack - Brute Force,0,FALSE,2903,0,0,,,,,,,,,,,,
13152,6236,7017,12170,1766,Heartbleed,1,FALSE,4002,2,1,,,,,,,,,,,,
1184,11190,13372,19729,1550,DoS DoldenEye,0,TRUE,7803,0,0,,,,,,,,,,,,
13489,15150,19356,10078,1399,Bot,0,TRUE,10501,2,0,,,,,,,,,,,,
9592,16612,9177,16884,3681,Web Attack - Sql Injection,2,TRUE,12950,2,0,,,,,,,,,,,,
17440,19146,3260,18718,1774,DoS Slowhttptest,2,FALSE,12727,2,1,,,,,,,,,,,,
1125,14381,18296,8213,4044,DoS DoldenEye,2,TRUE,7316,1,0,,,,,,,,,,,,
15686,7017,12663,8417,1250,PortScan,3,TRUE,5731,1,1,,,,,,,,,,,,
14405,18386,3421,1086,2918,DoS slowloris,0,TRUE,8274,2,0,,,,,,,,,,,,
4828,14001,6595,10081,2850,DDoS,1,TRUE,5802,1,1,,,,,,,,,,,,
3106,19143,3377,18764,2584,Infiltration,0,FALSE,6322,2,1,,,,,,,,,,,,
8191,13054,11909,6904,3848,Web Attack - XSS,0,FALSE,10462,0,1,,,,,,,,,,,,
8038,15209,16972,17214,2723,DoS slowloris,0,TRUE,4529,1,0,,,,,,,,,,,,
5033,10793,3739,8541,1183,Bot,2,TRUE,4632,0,0,,,,,,,,,,,,
19235,9924,1382,10658,1387,Web Attack - XSS,1,TRUE,1664,2,1,,,,,,,,,,,,
2966,15024,9787,3334,2962,FTP-Patator,1,TRUE,6696,1,0,,,,,,,,,,,,
2385,10540,5008,17882,4694,Web Attack - Brute Force,3,TRUE,11954,2,0,,,,,,,,,,,,
6827,9388,14683,1782,2695,DoS Hulk,1,TRUE,7547,2,0,,,,,,,,,,,,
13355,10528,14455,5206,1007,Web Attack - XSS,0,FALSE,11251,1,0,,,,,,,,,,,,
11882,15270,17300,17907,4986,DoS slowloris,3,TRUE,9475,2,1,,,,,,,,,,,,
4444,11308,11734,4562,1988,SSH-Patator,1,FALSE,10418,2,0,,,,,,,,,,,,
13362,10993,4635,16373,3722,Web Attack - XSS,0,FALSE,2601,2,1,,,,,,,,,,,,
8720,6108,1284,11005,1279,DoS slowloris,2,FALSE,3356,0,1,,,,,,,,,,,,
2658,17670,9358,18682,4869,Web Attack - Sql Injection,2,FALSE,2785,2,0,,,,,,,,,,,,
9969,19312,7639,7790,3314,SSH-Patator,3,FALSE,13822,2,1,,,,,,,,,,,,
6567,16396,13620,17203,3767,SSH-Patator,0,FALSE,12823,0,0,,,,,,,,,,,,
9442,12808,9015,5440,2120,Heartbleed,3,FALSE,13051,2,1,,,,,,,,,,,,
4076,7219,19721,4500,4344,Web Attack - XSS,3,TRUE,10404,0,0,,,,,,,,,,,,
15810,15923,19339,18172,4020,Web Attack - Brute Force,0,TRUE,4005,2,0,,,,,,,,,,,,
11952,12197,17347,18518,3159,Web Attack - Brute Force,1,TRUE,3310,0,1,,,,,,,,,,,,
17974,5219,8320,2072,2294,DoS slowloris,1,FALSE,5672,0,1,,,,,,,,,,,,
5023,14733,7248,11638,4554,PortScan,2,FALSE,8419,0,1,,,,,,,,,,,,
15393,19324,15360,19960,2031,PortScan,0,TRUE,14346,1,0,,,,,,,,,,,,
15058,12772,14086,3715,3204,Web Attack - XSS,0,FALSE,12330,2,1,,,,,,,,,,,,
10026,15542,3690,4324,3395,BENIGN,0,TRUE,12697,2,1,,,,,,,,,,,,
14614,11703,15889,6897,3009,Web Attack - XSS,1,FALSE,4307,0,1,,,,,,,,,,,,
4894,13312,4914,19277,3619,Heartbleed,0,FALSE,9926,0,1,,,,,,,,,,,,
12799,6989,19989,7156,3980,SSH-Patator,0,FALSE,10213,2,0,,,,,,,,,,,,
13102,14375,14618,1854,1243,Heartbleed,1,TRUE,6191,2,0,,,,,,,,,,,,
3513,11504,3394,7492,2786,Bot,0,TRUE,12035,1,1,,,,,,,,,,,,
16915,19526,16298,10390,3007,Web Attack - Brute Force,1,FALSE,10919,2,1,,,,,,,,,,,,
12039,9262,17622,9678,4143,DDoS,3,FALSE,3522,0,0,,,,,,,,,,,,
18677,10465,1015,14735,3382,BENIGN,0,FALSE,13514,0,0,,,,,,,,,,,,
7797,15053,10739,5071,4099,Heartbleed,2,FALSE,5613,0,0,,,,,,,,,,,,
9684,10887,15535,8381,2707,FTP-Patator,0,TRUE,10150,1,1,,,,,,,,,,,,
8020,5678,8806,2105,2535,Web Attack - Brute Force,1,FALSE,8964,1,1,,,,,,,,,,,,
12846,18769,16215,4223,4769,SSH-Patator,2,TRUE,524,2,0,,,,,,,,,,,,
13117,6898,17486,16908,4154,BENIGN,2,FALSE,1634,1,0,,,,,,,,,,,,
8339,16558,6047,8569,2823,Bot,0,FALSE,11348,1,0,,,,,,,,,,,,
14676,14085,14025,11531,4728,FTP-Patator,3,TRUE,2248,1,0,,,,,,,,,,,,
6118,15653,15703,10400,4377,Web Attack - Brute Force,0,TRUE,8140,2,0,,,,,,,,,,,,
16180,12706,4408,6343,1826,SSH-Patator,2,TRUE,11694,0,1,,,,,,,,,,,,
19055,8882,16456,3711,4648,Web Attack - Brute Force,2,FALSE,9129,1,0,,,,,,,,,,,,
6541,6717,9027,4244,2924,SSH-Patator,0,TRUE,10257,0,1,,,,,,,,,,,,
3660,16434,18080,16541,2179,Web Attack - Sql Injection,1,TRUE,7103,1,0,,,,,,,,,,,,
4172,15977,18674,7336,1719,DoS slowloris,0,TRUE,13797,1,1,,,,,,,,,,,,
18641,11024,9429,4230,2219,Web Attack - XSS,3,FALSE,9001,1,0,,,,,,,,,,,,
8171,12214,18617,5174,4332,DDoS,3,TRUE,3308,2,0,,,,,,,,,,,,
11665,9623,14914,12966,2446,Infiltration,0,TRUE,13244,1,1,,,,,,,,,,,,
17507,5302,5770,18384,3901,BENIGN,0,TRUE,6272,2,1,,,,,,,,,,,,
12536,8438,1735,4059,1126,SSH-Patator,2,FALSE,4799,2,1,,,,,,,,,,,,
3028,8536,7906,18034,1320,Web Attack - Brute Force,3,FALSE,13935,0,0,,,,,,,,,,,,
9339,18081,13719,16775,4294,Web Attack - XSS,2,FALSE,4267,2,0,,,,,,,,,,,,
17209,17325,4065,9534,3597,DoS slowloris,0,FALSE,14925,2,1,,,,,,,,,,,,
14560,13549,9370,19083,1133,Web Attack - XSS,2,TRUE,5051,0,0,,,,,,,,,,,,
3559,6743,10901,4359,2777,Web Attack - XSS,0,TRUE,7726,2,1,,,,,,,,,,,,
6279,14932,6033,4020,3003,DoS slowloris,0,TRUE,9556,0,1,,,,,,,,,,,,
2825,5986,2945,2628,4968,Infiltration,3,FALSE,4652,2,1,,,,,,,,,,,,
18341,8072,13515,6654,3121,DoS Slowhttptest,3,TRUE,4559,1,0,,,,,,,,,,,,
1122,10960,14426,17407,3461,Infiltration,0,TRUE,2603,0,1,,,,,,,,,,,,
19452,10334,13612,2336,1658,BENIGN,2,TRUE,10990,0,1,,,,,,,,,,,,
4227,8581,10141,7808,4249,Web Attack - Sql Injection,0,FALSE,13554,2,0,,,,,,,,,,,,
15204,11687,11873,6725,2927,PortScan,3,TRUE,11674,2,0,,,,,,,,,,,,
14165,5930,12704,19253,4560,Web Attack - XSS,1,FALSE,11958,1,1,,,,,,,,,,,,
12659,12373,3155,13015,3830,DDoS,3,FALSE,14389,2,0,,,,,,,,,,,,
18925,14385,15286,17913,4854,DDoS,3,FALSE,6822,0,1,,,,,,,,,,,,
14740,15656,9670,9011,1532,Web Attack - XSS,2,TRUE,3744,2,0,,,,,,,,,,,,
13676,9265,8977,7313,2506,DoS Slowhttptest,3,FALSE,10094,1,1,,,,,,,,,,,,
17100,12754,11713,17479,3861,DDoS,3,FALSE,12043,2,1,,,,,,,,,,,,
3333,8909,16845,4019,3678,DoS slowloris,1,FALSE,4200,2,0,,,,,,,,,,,,
8868,5376,18615,14403,1177,Web Attack - Brute Force,0,FALSE,7917,1,1,,,,,,,,,,,,
1904,11945,18464,13185,2178,SSH-Patator,0,TRUE,5918,0,1,,,,,,,,,,,,
3560,5123,7374,5649,1989,Web Attack - Sql Injection,0,FALSE,10603,2,0,,,,,,,,,,,,
7217,12296,7409,6895,4225,Web Attack - Sql Injection,3,FALSE,14397,0,1,,,,,,,,,,,,
5922,10272,6362,3851,3513,Web Attack - Brute Force,0,FALSE,1294,1,1,,,,,,,,,,,,
18787,18890,5955,16022,3562,Bot,1,TRUE,7787,2,0,,,,,,,,,,,,
15694,10318,13159,11853,3083,DoS Hulk,1,FALSE,7626,0,0,,,,,,,,,,,,
8947,19422,15805,2081,4861,DoS DoldenEye,3,FALSE,6492,1,1,,,,,,,,,,,,
14011,10992,2051,1771,3417,Bot,1,FALSE,2983,0,0,,,,,,,,,,,,
19081,18283,9663,10380,2548,Bot,0,TRUE,2910,2,0,,,,,,,,,,,,
6461,19045,11251,12776,1349,Web Attack - XSS,0,TRUE,1545,0,0,,,,,,,,,,,,
2522,19267,8018,19882,3208,Web Attack - Brute Force,3,TRUE,13524,1,1,,,,,,,,,,,,
1143,14834,1286,15261,1718,Web Attack - Brute Force,0,TRUE,5047,1,1,,,,,,,,,,,,
11053,15749,7829,18407,1122,DDoS,1,TRUE,1398,1,1,,,,,,,,,,,,
14901,10058,13963,1078,1317,DDoS,2,TRUE,589,1,0,,,,,,,,,,,,
2845,11913,12602,5339,1302,FTP-Patator,2,TRUE,2364,2,1,,,,,,,,,,,,
8954,6597,4786,15760,4872,FTP-Patator,3,TRUE,13599,2,1,,,,,,,,,,,,
13608,6731,14686,19107,2693,Web Attack - XSS,1,FALSE,3004,1,1,,,,,,,,,,,,
6941,10980,4191,2779,2141,DoS Hulk,0,TRUE,13081,2,1,,,,,,,,,,,,
15776,8918,6586,13760,4246,BENIGN,2,TRUE,13462,0,0,,,,,,,,,,,,
15551,15170,16136,1726,1588,DoS slowloris,1,FALSE,5850,0,1,,,,,,,,,,,,
4989,19337,12413,3101,1920,DoS Slowhttptest,3,TRUE,9654,0,0,,,,,,,,,,,,
1006,7428,8303,9229,2198,DoS slowloris,1,FALSE,1245,2,0,,,,,,,,,,,,
15352,8656,1573,9764,3500,DoS slowloris,0,TRUE,12121,1,1,,,,,,,,,,,,
6876,7569,8263,6033,1340,DoS DoldenEye,2,TRUE,12291,2,1,,,,,,,,,,,,
11722,18885,7126,17279,3984,DDoS,1,FALSE,13497,1,1,,,,,,,,,,,,
8315,17694,11139,18377,1344,Web Attack - Sql Injection,3,FALSE,6245,0,1,,,,,,,,,,,,
16511,12975,2145,14454,4253,DoS Hulk,2,FALSE,3107,2,1,,,,,,,,,,,,
16158,17955,6296,14729,2866,Heartbleed,0,FALSE,14598,1,1,,,,,,,,,,,,
9176,14449,14379,8980,1428,FTP-Patator,3,TRUE,11941,2,0,,,,,,,,,,,,
8426,15886,6436,6604,3266,Web Attack - XSS,2,TRUE,14326,2,1,,,,,,,,,,,,
8291,12678,13661,12924,4135,Web Attack - Brute Force,0,FALSE,6921,1,1,,,,,,,,,,,,
15965,14597,12547,4760,1837,PortScan,3,FALSE,8363,2,1,,,,,,,,,,,,
16568,13732,8842,19528,1726,Infiltration,3,FALSE,3034,0,0,,,,,,,,,,,,
12892,9142,8051,6526,4383,PortScan,3,TRUE,3684,0,0,,,,,,,,,,,,
14893,15935,16188,5515,4144,Bot,3,FALSE,972,0,0,,,,,,,,,,,,
9482,6062,3090,14458,3894,Web Attack - XSS,1,TRUE,12486,0,1,,,,,,,,,,,,
7251,14222,7132,2003,3814,Web Attack - XSS,1,FALSE,1321,0,1,,,,,,,,,,,,
5822,14719,19536,13203,4697,Web Attack - Brute Force,1,TRUE,5313,0,0,,,,,,,,,,,,
6988,16538,14659,16335,1314,Web Attack - Brute Force,2,TRUE,14296,2,1,,,,,,,,,,,,
10820,6557,9731,1408,1803,Web Attack - Brute Force,1,FALSE,3401,1,1,,,,,,,,,,,,
4517,12675,11688,4278,4969,SSH-Patator,0,TRUE,14578,2,0,,,,,,,,,,,,
18993,16169,6404,5201,1900,Web Attack - XSS,0,FALSE,2687,2,0,,,,,,,,,,,,
15645,6641,14648,19786,1153,FTP-Patator,0,FALSE,918,2,0,,,,,,,,,,,,
4050,10489,14828,9291,1833,PortScan,3,FALSE,5559,2,0,,,,,,,,,,,,
5937,8381,14164,19159,1932,Heartbleed,3,FALSE,1969,0,1,,,,,,,,,,,,
5671,10028,9621,4952,2533,SSH-Patator,1,TRUE,6173,2,0,,,,,,,,,,,,
6327,11927,16671,13588,2238,Bot,3,FALSE,7279,2,1,,,,,,,,,,,,
8746,9946,16144,12685,4456,Web Attack - Brute Force,3,TRUE,6992,1,1,,,,,,,,,,,,
5168,19583,5441,9071,1526,DoS slowloris,1,TRUE,8643,2,1,,,,,,,,,,,,
4679,7378,9369,18590,2216,DoS DoldenEye,2,FALSE,5416,0,1,,,,,,,,,,,,
6935,16615,18598,8129,3954,DDoS,2,TRUE,10572,2,0,,,,,,,,,,,,
5658,17593,2376,7121,2599,Infiltration,0,TRUE,10744,2,0,,,,,,,,,,,,
4912,19940,11902,3706,4074,Infiltration,0,FALSE,6087,1,1,,,,,,,,,,,,
14883,17373,6515,12574,2246,Web Attack - XSS,0,TRUE,12462,2,0,,,,,,,,,,,,
18352,10642,1322,4706,3472,Heartbleed,2,TRUE,12634,0,1,,,,,,,,,,,,
11495,8532,4180,16687,4989,DDoS,1,TRUE,1060,0,0,,,,,,,,,,,,
17019,12310,18722,13653,1343,Web Attack - XSS,3,FALSE,1011,2,0,,,,,,,,,,,,
7726,7408,13709,2363,4461,FTP-Patator,0,FALSE,2565,0,1,,,,,,,,,,,,
3402,5939,7904,6068,2319,DoS DoldenEye,2,TRUE,10882,1,0,,,,,,,,,,,,
8655,16599,4242,7862,1778,DoS Hulk,0,FALSE,1267,0,0,,,,,,,,,,,,
1245,18269,12257,7181,2635,SSH-Patator,2,TRUE,8136,1,0,,,,,,,,,,,,
8365,18713,8880,2460,4100,Heartbleed,1,TRUE,14231,2,0,,,,,,,,,,,,
16578,8761,1185,13183,1274,Web Attack - XSS,0,TRUE,654,0,0,,,,,,,,,,,,
16230,10717,2724,7219,1163,Web Attack - Brute Force,0,TRUE,10321,0,0,,,,,,,,,,,,
9549,18366,18387,3565,1071,Web Attack - Brute Force,3,FALSE,3289,1,1,,,,,,,,,,,,
7792,16644,19235,5795,4203,DoS Hulk,1,TRUE,6504,0,1,,,,,,,,,,,,
19139,18277,14710,2921,1351,Web Attack - Sql Injection,2,TRUE,10545,1,0,,,,,,,,,,,,
11802,13952,16275,13208,2499,BENIGN,3,FALSE,1932,2,1,,,,,,,,,,,,
13706,15310,17260,13866,1710,DoS slowloris,2,FALSE,13659,0,1,,,,,,,,,,,,
16701,16556,19352,13194,4559,DoS DoldenEye,3,FALSE,947,0,1,,,,,,,,,,,,
13853,16666,10293,18227,1731,Web Attack - XSS,2,FALSE,11743,0,0,,,,,,,,,,,,
10138,9870,1134,1489,2842,PortScan,3,FALSE,8875,0,0,,,,,,,,,,,,
7439,5594,17694,3665,1925,FTP-Patator,3,FALSE,3200,1,1,,,,,,,,,,,,
19867,18505,10241,10477,3509,Web Attack - Brute Force,0,FALSE,2122,0,1,,,,,,,,,,,,
19297,18945,18100,16992,3523,Heartbleed,1,FALSE,2513,0,1,,,,,,,,,,,,
5304,13343,3255,9552,4218,Web Attack - Brute Force,2,TRUE,4311,1,1,,,,,,,,,,,,
10897,13345,16080,7086,3214,PortScan,0,TRUE,1672,1,1,,,,,,,,,,,,
5422,17201,18596,8613,3297,DDoS,0,TRUE,10322,2,0,,,,,,,,,,,,
7970,17506,12291,8075,3230,DDoS,0,TRUE,3531,0,1,,,,,,,,,,,,
8578,10434,15470,18592,3408,BENIGN,3,TRUE,1564,2,1,,,,,,,,,,,,
3082,6566,15290,17178,1505,Bot,0,TRUE,9888,1,0,,,,,,,,,,,,
6798,19849,7276,6514,1455,DDoS,2,TRUE,5703,2,1,,,,,,,,,,,,
9783,11168,11989,18729,4121,DoS DoldenEye,3,TRUE,12663,2,0,,,,,,,,,,,,
3985,9964,7333,16076,4744,DDoS,1,FALSE,7206,1,1,,,,,,,,,,,,
10470,7478,18864,3315,3615,Web Attack - XSS,1,FALSE,7527,0,0,,,,,,,,,,,,
1057,14296,3783,7106,2508,DoS Hulk,1,FALSE,7753,2,0,,,,,,,,,,,,
4322,9273,15931,19762,3028,Web Attack - Brute Force,1,FALSE,12990,1,0,,,,,,,,,,,,
9288,16168,10697,16160,1813,Heartbleed,1,FALSE,14010,1,0,,,,,,,,,,,,
4435,14010,14652,14728,2934,DoS DoldenEye,0,FALSE,10843,1,1,,,,,,,,,,,,
1791,10248,11442,11944,3433,Web Attack - XSS,1,FALSE,2016,1,0,,,,,,,,,,,,
15748,14291,17907,11132,4657,FTP-Patator,2,TRUE,12594,2,0,,,,,,,,,,,,
3117,7655,10143,12713,2664,Web Attack - Brute Force,1,TRUE,1333,2,0,,,,,,,,,,,,
11398,7654,13843,4301,2741,Web Attack - XSS,1,FALSE,6264,1,0,,,,,,,,,,,,
4223,13773,2258,1087,4690,Bot,2,TRUE,4045,1,1,,,,,,,,,,,,
13242,17944,16923,16671,2641,Web Attack - XSS,3,FALSE,9342,0,0,,,,,,,,,,,,
4221,15203,8546,7505,2258,Web Attack - XSS,1,TRUE,9988,0,0,,,,,,,,,,,,
19650,13258,14478,13859,3941,DoS slowloris,0,TRUE,9839,2,1,,,,,,,,,,,,
14206,6868,12347,14879,3548,DoS Hulk,2,TRUE,14877,0,1,,,,,,,,,,,,
15470,6998,16093,4798,3515,Web Attack - Brute Force,3,TRUE,8518,0,1,,,,,,,,,,,,
1865,7361,3436,3313,1960,PortScan,1,TRUE,9978,1,0,,,,,,,,,,,,
10139,18966,17135,2781,2158,FTP-Patator,0,FALSE,14017,0,0,,,,,,,,,,,,
5755,10252,15725,14460,1689,Web Attack - Brute Force,0,FALSE,3374,0,1,,,,,,,,,,,,
19280,9096,9486,3717,1182,Web Attack - Brute Force,2,TRUE,7715,1,1,,,,,,,,,,,,
3808,17575,15670,13045,2779,Infiltration,1,TRUE,5488,2,0,,,,,,,,,,,,
15318,7382,5553,5118,2043,Web Attack - XSS,2,FALSE,6434,0,0,,,,,,,,,,,,
16599,13248,8535,1683,1480,Web Attack - Brute Force,0,FALSE,6224,2,0,,,,,,,,,,,,
14656,16722,16659,10447,4637,Infiltration,2,FALSE,5451,2,0,,,,,,,,,,,,
2587,7455,9275,10566,3063,Web Attack - XSS,1,FALSE,5582,2,0,,,,,,,,,,,,
3568,18188,1741,15034,4282,BENIGN,2,FALSE,9692,2,0,,,,,,,,,,,,
12988,8382,1705,12525,2129,Web Attack - XSS,0,TRUE,7833,0,0,,,,,,,,,,,,
4215,7499,8074,13688,3453,SSH-Patator,3,TRUE,4679,2,1,,,,,,,,,,,,
2485,11489,14673,17089,1873,Infiltration,2,TRUE,768,1,1,,,,,,,,,,,,
19575,11804,3534,8670,4263,SSH-Patator,2,FALSE,4167,2,1,,,,,,,,,,,,
12760,11167,4064,18650,1379,PortScan,3,FALSE,2617,0,1,,,,,,,,,,,,
14938,12394,2544,18177,2148,DoS Hulk,3,FALSE,14740,0,1,,,,,,,,,,,,
11160,13212,18254,11815,3053,Web Attack - XSS,2,TRUE,7429,1,0,,,,,,,,,,,,
19210,18741,18500,14599,4997,Web Attack - Brute Force,2,FALSE,10017,1,0,,,,,,,,,,,,
12804,8636,19236,17921,4928,Bot,2,FALSE,10010,2,1,,,,,,,,,,,,
11814,18146,13227,6928,2315,DDoS,0,FALSE,2259,0,0,,,,,,,,,,,,
7808,5419,14582,2506,2534,Web Attack - Brute Force,2,TRUE,8763,1,1,,,,,,,,,,,,
19401,7531,8000,1407,1838,Web Attack - XSS,0,TRUE,1735,1,0,,,,,,,,,,,,
17991,17059,7404,6920,4109,PortScan,1,TRUE,3203,1,1,,,,,,,,,,,,
3003,18428,7938,12050,1816,Web Attack - Sql Injection,2,FALSE,7899,1,1,,,,,,,,,,,,
16468,9163,15237,11962,2804,Web Attack - Brute Force,0,FALSE,11997,0,1,,,,,,,,,,,,
5340,5475,12100,11502,3480,SSH-Patator,0,FALSE,4517,0,0,,,,,,,,,,,,
5673,17732,15953,10828,4278,FTP-Patator,3,FALSE,14799,1,0,,,,,,,,,,,,
10686,12457,19924,19427,4673,DoS Hulk,0,TRUE,1596,1,1,,,,,,,,,,,,
6747,17472,6266,4141,1545,FTP-Patator,3,TRUE,1126,1,0,,,,,,,,,,,,
9068,8283,17077,3095,3084,DoS DoldenEye,2,TRUE,541,0,0,,,,,,,,,,,,
7827,9004,13226,18646,3653,Web Attack - XSS,3,FALSE,12426,0,0,,,,,,,,,,,,
14200,14994,5901,14226,3421,DoS slowloris,3,FALSE,4157,0,1,,,,,,,,,,,,
15781,12806,3372,10145,2277,Web Attack - XSS,2,FALSE,9486,2,0,,,,,,,,,,,,
13412,19144,3153,6197,1386,Web Attack - XSS,1,FALSE,13826,1,0,,,,,,,,,,,,
19053,8368,19153,18932,2744,Heartbleed,1,TRUE,13972,2,0,,,,,,,,,,,,
10297,5274,17458,10150,2564,SSH-Patator,2,FALSE,1621,2,0,,,,,,,,,,,,
7111,11589,15892,18458,1568,Web Attack - Sql Injection,2,TRUE,6556,2,0,,,,,,,,,,,,
16291,18498,16031,3847,1723,Infiltration,2,TRUE,10005,2,1,,,,,,,,,,,,
9016,9377,16554,17028,3129,Web Attack - XSS,2,FALSE,12290,1,0,,,,,,,,,,,,
11376,8429,3995,15039,2416,DoS Hulk,0,TRUE,9402,0,1,,,,,,,,,,,,
13171,12681,6332,4018,1694,SSH-Patator,1,TRUE,13807,2,0,,,,,,,,,,,,
5719,18726,1561,7005,4755,Web Attack - XSS,0,TRUE,4874,1,0,,,,,,,,,,,,
6582,9665,2365,16259,3200,DoS slowloris,3,FALSE,7467,0,1,,,,,,,,,,,,
7720,13579,15315,3323,4702,PortScan,3,TRUE,12109,2,0,,,,,,,,,,,,
3570,6970,3042,4729,3174,Web Attack - XSS,1,TRUE,502,1,1,,,,,,,,,,,,
7966,7293,10064,1702,1931,Web Attack - Sql Injection,1,FALSE,6377,2,1,,,,,,,,,,,,
15886,6439,14388,19711,1590,Heartbleed,2,FALSE,2375,1,0,,,,,,,,,,,,
14337,11064,12780,14823,3239,Web Attack - XSS,1,FALSE,8234,0,0,,,,,,,,,,,,
13832,5619,9541,5230,3349,Web Attack - Brute Force,3,FALSE,14823,2,1,,,,,,,,,,,,
12275,12567,14641,8334,3734,DDoS,0,FALSE,2686,2,1,,,,,,,,,,,,
11781,17199,11843,3458,3745,Web Attack - Brute Force,0,TRUE,14852,0,0,,,,,,,,,,,,
6775,14867,9507,12087,4823,PortScan,0,TRUE,1447,2,1,,,,,,,,,,,,
5856,11170,14782,15066,2087,Web Attack - XSS,0,FALSE,14975,0,0,,,,,,,,,,,,
1798,10656,16635,13436,2513,Web Attack - XSS,2,FALSE,4573,1,1,,,,,,,,,,,,
13229,10772,9611,6954,4321,Bot,2,FALSE,13243,1,0,,,,,,,,,,,,
15271,17567,1540,9406,4713,DoS Slowhttptest,2,TRUE,7101,0,1,,,,,,,,,,,,
13077,7733,15567,17223,3378,SSH-Patator,1,FALSE,2043,2,0,,,,,,,,,,,,
15461,12925,13005,18498,3584,DDoS,1,TRUE,14269,2,1,,,,,,,,,,,,
10545,10586,12187,1968,1018,Web Attack - Brute Force,3,FALSE,6161,0,0,,,,,,,,,,,,
10952,17990,9683,11444,3511,DoS Hulk,3,FALSE,2896,0,1,,,,,,,,,,,,
16098,11950,4247,8516,2890,Web Attack - XSS,1,TRUE,832,1,1,,,,,,,,,,,,
9488,16211,11613,8545,2354,SSH-Patator,0,TRUE,6374,0,1,,,,,,,,,,,,
2391,5955,5954,2409,3168,Infiltration,0,TRUE,11011,2,1,,,,,,,,,,,,
7463,17488,3202,16888,1912,Web Attack - XSS,2,FALSE,2790,0,0,,,,,,,,,,,,
1826,14968,17331,18229,2562,DoS Slowhttptest,1,FALSE,618,2,0,,,,,,,,,,,,
1539,7374,7173,3723,2146,DoS DoldenEye,1,FALSE,8580,0,1,,,,,,,,,,,,
1745,6696,17182,14022,3048,DoS Hulk,2,FALSE,6846,0,0,,,,,,,,,,,,
8923,5360,4014,1868,4966,Infiltration,1,TRUE,2116,1,1,,,,,,,,,,,,
12002,16843,14489,14625,1337,Heartbleed,2,TRUE,1705,2,1,,,,,,,,,,,,
10794,12774,14551,9623,3432,SSH-Patator,1,FALSE,1414,2,0,,,,,,,,,,,,
5849,7123,6261,19741,4232,BENIGN,3,TRUE,10755,0,1,,,,,,,,,,,,
13172,11768,5840,7108,4817,SSH-Patator,2,TRUE,1075,1,0,,,,,,,,,,,,
4598,9318,6927,12194,4416,SSH-Patator,0,TRUE,10618,1,1,,,,,,,,,,,,
8230,5096,10378,9882,3099,FTP-Patator,0,FALSE,6373,1,0,,,,,,,,,,,,
1234,11261,14617,19402,1174,PortScan,3,TRUE,7475,2,0,,,,,,,,,,,,
16534,8722,19095,13614,3050,Web Attack - Sql Injection,3,TRUE,5626,0,1,,,,,,,,,,,,
8960,18204,5025,19985,1807,Web Attack - XSS,1,TRUE,4714,1,0,,,,,,,,,,,,
14421,18370,15681,13282,2266,DoS DoldenEye,1,FALSE,9905,2,0,,,,,,,,,,,,
19283,7240,18965,2500,3591,Web Attack - Brute Force,1,TRUE,7699,1,0,,,,,,,,,,,,
18657,15508,4522,15719,2821,DDoS,0,TRUE,9808,1,1,,,,,,,,,,,,
9852,17168,2774,7473,2846,Web Attack - XSS,1,TRUE,6994,2,0,,,,,,,,,,,,
4067,18169,13763,19007,3369,SSH-Patator,0,TRUE,5032,0,1,,,,,,,,,,,,
11269,6980,9689,10245,1665,DoS DoldenEye,3,TRUE,11728,0,0,,,,,,,,,,,,
2398,13640,19242,7818,1326,SSH-Patator,0,FALSE,8178,2,0,,,,,,,,,,,,
1800,16724,1198,3623,1132,Web Attack - Brute Force,1,TRUE,6602,1,1,,,,,,,,,,,,
8730,19352,14796,19609,4011,Web Attack - XSS,0,FALSE,1205,0,0,,,,,,,,,,,,
4826,18426,6250,7346,2541,PortScan,1,FALSE,6794,0,0,,,,,,,,,,,,
12876,14452,12175,15783,4938,Web Attack - Sql Injection,1,TRUE,7611,0,1,,,,,,,,,,,,
17502,6932,4104,6814,1817,PortScan,2,FALSE,13221,0,1,,,,,,,,,,,,
18974,16426,13542,10365,4477,Web Attack - Brute Force,0,FALSE,2570,2,0,,,,,,,,,,,,
19011,8285,9033,13468,2079,FTP-Patator,3,TRUE,12596,0,1,,,,,,,,,,,,
3715,13724,6611,5562,2015,Web Attack - XSS,2,TRUE,13752,0,0,,,,,,,,,,,,
17780,16596,5087,16379,1840,Web Attack - Sql Injection,2,FALSE,8559,0,0,,,,,,,,,,,,
18904,8275,7120,19777,3956,Heartbleed,0,TRUE,10673,1,0,,,,,,,,,,,,
16458,6014,11579,18455,2820,Web Attack - XSS,0,TRUE,14409,0,0,,,,,,,,,,,,
15444,15793,19818,11861,4594,Web Attack - Brute Force,0,FALSE,2885,1,0,,,,,,,,,,,,
10667,14482,1172,2617,2675,FTP-Patator,2,FALSE,5841,1,1,,,,,,,,,,,,
1473,10781,6422,18748,4208,DoS Slowhttptest,3,FALSE,2469,1,0,,,,,,,,,,,,
9210,11838,3307,19894,3455,PortScan,1,FALSE,14144,1,1,,,,,,,,,,,,
14287,17359,13631,10291,3982,Web Attack - XSS,0,TRUE,12170,2,0,,,,,,,,,,,,
7199,19149,8696,5773,1621,Heartbleed,2,TRUE,8017,1,1,,,,,,,,,,,,
10689,9954,13685,18484,2221,Web Attack - Brute Force,0,FALSE,987,1,1,,,,,,,,,,,,
17280,13129,4628,15944,2543,DoS Slowhttptest,0,FALSE,11911,2,0,,,,,,,,,,,,
19134,18396,10248,16287,1140,Web Attack - Brute Force,1,FALSE,13489,1,1,,,,,,,,,,,,
8974,13265,19288,2954,4515,Bot,2,FALSE,13490,0,1,,,,,,,,,,,,
3827,18548,9014,5760,1092,FTP-Patator,0,TRUE,2525,2,0,,,,,,,,,,,,
18624,7721,17127,2709,1616,Web Attack - Sql Injection,1,TRUE,2685,1,1,,,,,,,,,,,,
18392,19961,11786,17501,4645,Web Attack - Brute Force,0,TRUE,9637,2,1,,,,,,,,,,,,
1695,15777,9780,4941,2209,DoS Hulk,3,TRUE,7976,0,0,,,,,,,,,,,,
14697,9603,13236,5768,3428,DDoS,3,TRUE,9121,2,0,,,,,,,,,,,,
3196,15597,1959,19318,1697,BENIGN,0,FALSE,3680,2,0,,,,,,,,,,,,
9382,8774,17013,7702,1321,PortScan,0,TRUE,12401,1,1,,,,,,,,,,,,
9878,5772,6006,14799,3948,PortScan,3,TRUE,12454,2,0,,,,,,,,,,,,
12160,17338,6651,14855,3804,DoS slowloris,3,FALSE,9218,2,0,,,,,,,,,,,,
11354,16073,1891,18588,4394,Web Attack - Brute Force,1,FALSE,14703,0,1,,,,,,,,,,,,
18033,5188,7972,15045,2242,Web Attack - Sql Injection,0,TRUE,1306,2,1,,,,,,,,,,,,
17593,15617,9899,7112,4131,Web Attack - Brute Force,0,FALSE,4104,2,0,,,,,,,,,,,,
17278,18079,14260,7582,1043,Heartbleed,3,FALSE,7075,2,0,,,,,,,,,,,,
9763,13382,18319,4163,1508,PortScan,0,FALSE,14733,0,0,,,,,,,,,,,,
6885,19595,12275,8228,2111,FTP-Patator,0,FALSE,6750,0,1,,,,,,,,,,,,
15517,16138,8693,1266,1361,PortScan,2,FALSE,1717,2,1,,,,,,,,,,,,
10029,17396,2323,19202,2536,DDoS,0,FALSE,10729,1,0,,,,,,,,,,,,
14640,18091,9254,5305,3092,Web Attack - XSS,3,FALSE,7724,1,0,,,,,,,,,,,,
4908,11683,13011,19086,2010,SSH-Patator,2,TRUE,7958,0,1,,,,,,,,,,,,
5242,10151,11076,9974,1060,BENIGN,0,TRUE,13642,0,0,,,,,,,,,,,,
6522,13556,2927,9502,3403,DoS Hulk,2,FALSE,9089,0,1,,,,,,,,,,,,
19501,17456,9652,9682,1680,Web Attack - Brute Force,0,TRUE,2986,2,1,,,,,,,,,,,,
14540,11681,4500,4374,2003,DoS Hulk,0,TRUE,12946,0,0,,,,,,,,,,,,
8770,13914,19482,18413,4433,Web Attack - XSS,0,FALSE,10816,0,1,,,,,,,,,,,,
5435,14104,6895,18023,4812,DDoS,2,FALSE,2486,2,1,,,,,,,,,,,,
17910,13920,3195,6130,3185,Web Attack - XSS,3,FALSE,5528,0,1,,,,,,,,,,,,
1653,18180,16437,10132,1051,PortScan,0,TRUE,3159,2,0,,,,,,,,,,,,
9225,15039,13649,19924,2306,Infiltration,2,TRUE,5336,2,0,,,,,,,,,,,,
9739,15430,8273,14991,2047,Web Attack - XSS,0,FALSE,7464,2,0,,,,,,,,,,,,
11750,12959,4033,12281,1753,Web Attack - Brute Force,1,TRUE,1167,0,1,,,,,,,,,,,,
14347,14488,17052,10596,3347,DoS DoldenEye,1,FALSE,8441,0,1,,,,,,,,,,,,
16766,11258,14520,15390,2837,Bot,1,TRUE,8618,1,1,,,,,,,,,,,,
15054,18053,14038,9740,4500,FTP-Patator,3,TRUE,12885,1,1,,,,,,,,,,,,
15589,12733,2485,9930,2654,Web Attack - XSS,3,FALSE,13763,1,1,,,,,,,,,,,,
12530,14032,3734,5533,2064,BENIGN,0,TRUE,14541,1,1,,,,,,,,,,,,
11251,11016,5522,15148,2755,Heartbleed,1,FALSE,6307,2,1,,,,,,,,,,,,
5802,9897,13947,12716,3201,Web Attack - Brute Force,3,TRUE,6713,2,1,,,,,,,,,,,,
7715,12701,12443,3346,3547,Heartbleed,1,TRUE,2656,0,1,,,,,,,,,,,,
12047,18777,8742,10647,3809,Web Attack - XSS,3,FALSE,5788,0,0,,,,,,,,,,,,
19690,6913,10482,11842,3832,Web Attack - Brute Force,3,TRUE,13953,1,0,,,,,,,,,,,,
14758,5664,10505,6373,3279,DoS DoldenEye,2,TRUE,803,2,0,,,,,,,,,,,,
11432,14368,12652,9464,3479,Web Attack - Brute Force,3,TRUE,8029,0,1,,,,,,,,,,,,
14574,5988,1807,16609,4698,Web Attack - XSS,0,FALSE,2812,0,0,,,,,,,,,,,,
13525,9655,3719,1943,1866,BENIGN,0,FALSE,11717,2,1,,,,,,,,,,,,
11117,6483,11667,5283,1332,Bot,1,FALSE,4746,0,1,,,,,,,,,,,,
6009,16872,4378,11063,3963,BENIGN,1,FALSE,11067,1,0,,,,,,,,,,,,
13146,15353,8413,10409,2892,Heartbleed,3,TRUE,1140,1,1,,,,,,,,,,,,
14278,14859,8749,14446,1901,Web Attack - Brute Force,0,TRUE,3742,2,0,,,,,,,,,,,,
6176,15106,9596,10303,2916,Web Attack - Brute Force,3,TRUE,11761,2,1,,,,,,,,,,,,
19633,12669,11882,8224,4720,FTP-Patator,0,FALSE,5833,1,1,,,,,,,,,,,,
9051,9809,6463,14891,2551,FTP-Patator,3,FALSE,5470,0,1,,,,,,,,,,,,
6229,12426,5302,15756,2532,BENIGN,3,FALSE,14151,1,1,,,,,,,,,,,,
18751,17126,10270,19020,2682,DoS DoldenEye,2,TRUE,13866,2,0,,,,,,,,,,,,
1289,8093,2967,15488,1974,Web Attack - Sql Injection,3,TRUE,13128,1,0,,,,,,,,,,,,
8168,6598,16650,8797,3740,BENIGN,0,FALSE,1906,0,1,,,,,,,,,,,,
18454,5735,10494,19416,1856,Web Attack - Brute Force,2,TRUE,8064,2,1,,,,,,,,,,,,
15996,12760,9893,15323,1047,Web Attack - Brute Force,3,FALSE,3224,1,0,,,,,,,,,,,,
7201,17186,11914,18679,4631,Web Attack - Sql Injection,0,TRUE,3499,1,0,,,,,,,,,,,,
14832,17167,2352,14816,3900,Web Attack - XSS,0,TRUE,1718,2,1,,,,,,,,,,,,
1205,10114,5249,4774,1419,Web Attack - XSS,0,TRUE,2275,1,0,,,,,,,,,,,,
12228,10581,13997,9999,4212,Web Attack - Brute Force,3,TRUE,7732,2,0,,,,,,,,,,,,
2059,5946,19860,8139,4453,DoS Hulk,1,TRUE,6583,1,0,,,,,,,,,,,,
9824,18577,7476,10530,1741,Web Attack - XSS,1,FALSE,4974,0,1,,,,,,,,,,,,
14775,10220,4183,12610,4882,PortScan,1,FALSE,4032,0,1,,,,,,,,,,,,
16739,15639,17142,3105,1338,SSH-Patator,0,FALSE,2050,1,1,,,,,,,,,,,,
18166,18168,17278,2665,1823,PortScan,3,TRUE,6706,2,1,,,,,,,,,,,,
9794,8427,9562,13446,3742,DoS Hulk,3,FALSE,10864,2,1,,,,,,,,,,,,
8885,8067,1600,1556,3054,Web Attack - Sql Injection,1,FALSE,11847,2,1,,,,,,,,,,,,
9591,9934,17381,3349,2617,BENIGN,3,FALSE,9932,0,0,,,,,,,,,,,,
1167,6512,5320,1449,2748,DDoS,1,FALSE,5070,0,0,,,,,,,,,,,,
16600,19720,16790,1228,3256,Bot,3,TRUE,11568,0,1,,,,,,,,,,,,
15177,15164,16312,10143,2225,Web Attack - XSS,3,TRUE,9790,2,0,,,,,,,,,,,,
2627,9819,4463,9524,4445,Infiltration,3,TRUE,11497,2,1,,,,,,,,,,,,
16931,13997,10691,16815,1495,DoS DoldenEye,0,FALSE,5406,2,0,,,,,,,,,,,,
6773,15784,17722,11096,2809,FTP-Patator,3,FALSE,14689,0,0,,,,,,,,,,,,
18521,5290,5785,4744,2706,DoS Hulk,0,FALSE,656,1,1,,,,,,,,,,,,
7633,10140,15375,11770,2311,Heartbleed,2,FALSE,8093,0,1,,,,,,,,,,,,
16636,15574,6398,11318,4924,PortScan,2,TRUE,2004,1,0,,,,,,,,,,,,
1990,14069,9134,19767,2806,DoS Hulk,1,TRUE,7597,0,0,,,,,,,,,,,,
10812,15687,5860,1058,2004,Web Attack - XSS,1,TRUE,2131,1,0,,,,,,,,,,,,
9657,9445,10465,17276,2083,PortScan,3,FALSE,13568,1,1,,,,,,,,,,,,
14285,7697,19875,14507,1559,SSH-Patator,3,FALSE,12777,1,0,,,,,,,,,,,,
18829,17251,2856,4804,4658,Web Attack - Brute Force,3,TRUE,9173,0,1,,,,,,,,,,,,
3717,11127,13296,15528,3469,DoS DoldenEye,1,TRUE,13867,1,1,,,,,,,,,,,,
5064,18860,18508,6217,2568,DoS slowloris,2,TRUE,11021,0,1,,,,,,,,,,,,
15027,11378,15578,2612,3272,SSH-Patator,3,TRUE,849,0,1,,,,,,,,,,,,
18420,10234,1924,7038,3863,PortScan,2,FALSE,8699,0,0,,,,,,,,,,,,
4674,13542,15281,2838,1514,SSH-Patator,2,FALSE,7476,0,1,,,,,,,,,,,,
10058,17243,19471,17906,4727,DoS Hulk,0,FALSE,9961,1,0,,,,,,,,,,,,
11126,8182,5483,18294,1482,Heartbleed,2,FALSE,10936,2,1,,,,,,,,,,,,
9988,18244,11527,10156,4789,Web Attack - Brute Force,1,FALSE,7658,2,1,,,,,,,,,,,,
18053,15355,13900,1286,4169,SSH-Patator,1,FALSE,13779,1,1,,,,,,,,,,,,
9883,18064,17114,16090,4913,Web Attack - XSS,2,TRUE,2238,1,0,,,,,,,,,,,,
15565,13511,7361,15169,1152,Heartbleed,1,FALSE,5072,2,1,,,,,,,,,,,,
5814,15781,10208,12003,1525,BENIGN,1,FALSE,11285,0,0,,,,,,,,,,,,
17488,5159,13273,3578,1864,Web Attack - XSS,3,FALSE,13898,2,1,,,,,,,,,,,,
7021,12118,1751,1371,3365,DoS Slowhttptest,0,TRUE,5852,1,0,,,,,,,,,,,,
16643,19310,9241,19056,4338,Web Attack - Brute Force,3,FALSE,7983,1,0,,,,,,,,,,,,
6998,12743,16699,13167,2920,Web Attack - Brute Force,1,TRUE,2950,0,0,,,,,,,,,,,,
17952,11621,14609,7867,1431,Bot,0,TRUE,5090,0,1,,,,,,,,,,,,
11392,5092,10375,15652,1570,Web Attack - Brute Force,1,TRUE,6930,1,1,,,,,,,,,,,,
9174,5347,5185,5729,2575,Heartbleed,0,FALSE,7557,1,0,,,,,,,,,,,,
7004,8166,6403,13836,4806,DoS Slowhttptest,0,FALSE,5870,0,1,,,,,,,,,,,,
10425,18084,5883,11376,3231,Bot,3,FALSE,3777,0,0,,,,,,,,,,,,
11171,19572,9649,2623,2082,DoS DoldenEye,1,FALSE,1215,0,0,,,,,,,,,,,,
10595,12664,1875,4525,2263,DoS DoldenEye,3,FALSE,4393,2,0,,,,,,,,,,,,
13948,6011,6864,5967,4141,Heartbleed,2,TRUE,5604,1,1,,,,,,,,,,,,
17569,9887,9994,8080,3351,PortScan,0,TRUE,13602,1,0,,,,,,,,,,,,
15922,8315,8409,9929,1072,Web Attack - XSS,1,FALSE,3557,2,0,,,,,,,,,,,,
15000,15780,16143,7812,4405,Web Attack - XSS,0,TRUE,7320,0,1,,,,,,,,,,,,
4606,8604,10998,9902,4858,Web Attack - Brute Force,0,TRUE,3871,1,0,,,,,,,,,,,,
14015,14950,6441,14859,1401,Heartbleed,3,TRUE,8513,2,0,,,,,,,,,,,,
7785,5614,3907,15381,3585,Web Attack - Brute Force,2,TRUE,5569,1,0,,,,,,,,,,,,
18000,15084,12914,13023,1359,Web Attack - Brute Force,2,TRUE,5858,0,0,,,,,,,,,,,,
6370,8893,11335,7276,3422,FTP-Patator,2,FALSE,13112,1,0,,,,,,,,,,,,
5885,11282,12749,18730,1107,Web Attack - XSS,2,FALSE,5781,0,1,,,,,,,,,,,,
1883,14706,7118,13098,1354,Web Attack - XSS,2,FALSE,10875,0,1,,,,,,,,,,,,
1238,6009,13945,2471,1306,Web Attack - Sql Injection,1,FALSE,11104,0,1,,,,,,,,,,,,
1073,5415,5120,6769,2359,Web Attack - Sql Injection,1,FALSE,9933,1,1,,,,,,,,,,,,
9959,15980,9392,5812,4050,PortScan,2,FALSE,9886,2,1,,,,,,,,,,,,
17730,7171,5028,6890,3514,DDoS,3,FALSE,13029,2,1,,,,,,,,,,,,
1729,16490,1176,6121,3344,DoS DoldenEye,1,FALSE,676,0,0,,,,,,,,,,,,
1547,5804,4346,19071,4034,Web Attack - Brute Force,1,FALSE,10470,1,0,,,,,,,,,,,,
1689,19041,2118,15553,1389,Web Attack - XSS,2,TRUE,1784,2,1,,,,,,,,,,,,
15621,14720,10240,7561,3493,DDoS,2,TRUE,9327,0,1,,,,,,,,,,,,
18674,13218,6922,11162,4995,Heartbleed,0,TRUE,3440,0,0,,,,,,,,,,,,
18631,8483,14888,3108,4521,FTP-Patator,2,TRUE,4275,1,1,,,,,,,,,,,,
2341,15429,12172,4084,1528,Heartbleed,3,TRUE,7389,2,0,,,,,,,,,,,,
15195,13415,17288,13169,1144,Web Attack - Brute Force,3,TRUE,8388,1,1,,,,,,,,,,,,
17290,18532,9795,6598,1744,DoS Hulk,0,FALSE,9372,2,0,,,,,,,,,,,,
7892,6542,19419,9839,4054,BENIGN,3,FALSE,2511,1,1,,,,,,,,,,,,
12333,7823,7129,13873,3998,Bot,1,TRUE,9271,0,1,,,,,,,,,,,,
8188,19679,18101,18083,4285,Bot,0,FALSE,9746,2,1,,,,,,,,,,,,
14182,9993,10700,6850,1395,Bot,2,TRUE,12845,1,0,,,,,,,,,,,,
19919,8842,7967,12642,2827,Infiltration,1,FALSE,11981,0,0,,,,,,,,,,,,
10749,19513,10751,3974,2681,Web Attack - Sql Injection,2,FALSE,7274,1,1,,,,,,,,,,,,
5562,12429,2612,12540,3352,Heartbleed,1,TRUE,8977,2,0,,,,,,,,,,,,
14714,8377,11707,13650,2208,Heartbleed,1,TRUE,5073,0,0,,,,,,,,,,,,
18536,13978,7985,16394,4146,Web Attack - XSS,2,FALSE,9009,0,0,,,,,,,,,,,,
13460,17770,16122,15898,2272,PortScan,2,TRUE,8538,2,0,,,,,,,,,,,,
5758,12510,12889,8612,4472,BENIGN,2,TRUE,4460,0,1,,,,,,,,,,,,
4157,7182,5444,14938,4111,Heartbleed,2,FALSE,3779,0,0,,,,,,,,,,,,
16293,10110,14472,7908,3416,SSH-Patator,0,FALSE,7730,0,1,,,,,,,,,,,,
17907,14858,10565,5820,4557,Web Attack - Brute Force,3,TRUE,10188,0,1,,,,,,,,,,,,
6855,13370,8886,13324,3717,Web Attack - XSS,3,FALSE,10513,0,1,,,,,,,,,,,,
13649,11553,4520,1378,3512,DoS Hulk,0,TRUE,14130,2,1,,,,,,,,,,,,
17826,15836,13475,5907,2113,Heartbleed,3,TRUE,1347,2,0,,,,,,,,,,,,
12027,14875,4543,17588,3789,Web Attack - XSS,0,FALSE,2614,1,1,,,,,,,,,,,,
4058,12853,19517,4817,4340,BENIGN,0,TRUE,3068,0,0,,,,,,,,,,,,
9054,8512,12157,5313,2462,PortScan,1,FALSE,920,0,0,,,,,,,,,,,,
5950,15361,17810,13811,2182,PortScan,1,TRUE,7035,0,0,,,,,,,,,,,,
11531,15038,16491,15744,2450,Web Attack - XSS,3,FALSE,2844,0,0,,,,,,,,,,,,
11386,19461,11491,3092,3507,Web Attack - Sql Injection,0,TRUE,7876,1,0,,,,,,,,,,,,
3674,19617,8398,11007,2143,PortScan,3,FALSE,5227,1,1,,,,,,,,,,,,
4773,10582,11330,3014,3394,PortScan,0,FALSE,8650,2,0,,,,,,,,,,,,
9649,17458,17572,9018,1110,Web Attack - Brute Force,2,TRUE,6299,1,0,,,,,,,,,,,,
2603,10616,1019,2429,3390,Web Attack - Brute Force,2,FALSE,12346,2,1,,,,,,,,,,,,
19090,18073,18900,5119,4400,Web Attack - Brute Force,1,TRUE,10694,0,0,,,,,,,,,,,,
13235,17792,10380,6126,1556,BENIGN,0,TRUE,7439,0,1,,,,,,,,,,,,
18029,5067,16310,10225,1088,DoS Hulk,0,FALSE,8998,0,1,,,,,,,,,,,,
18410,14618,18459,11816,3056,DDoS,3,FALSE,4240,0,0,,,,,,,,,,,,
5432,8114,19649,2389,1442,Web Attack - XSS,3,TRUE,6105,1,0,,,,,,,,,,,,
5645,18332,17047,18510,2818,SSH-Patator,1,TRUE,1896,0,1,,,,,,,,,,,,
19160,12032,1910,7874,4877,DoS Hulk,0,TRUE,4028,2,1,,,,,,,,,,,,
18804,13591,15326,2414,4856,DoS slowloris,0,FALSE,14129,0,1,,,,,,,,,,,,
4455,18561,7314,12280,1708,DoS Slowhttptest,1,FALSE,7169,0,0,,,,,,,,,,,,
8652,19427,8616,1256,3426,DoS Slowhttptest,2,TRUE,1662,1,0,,,,,,,,,,,,
12285,8809,9183,6822,1116,Infiltration,3,FALSE,1076,2,1,,,,,,,,,,,,
14530,10111,5487,4820,2461,Web Attack - Sql Injection,1,FALSE,1335,0,1,,,,,,,,,,,,
10735,9216,6166,9709,2817,FTP-Patator,1,FALSE,753,2,1,,,,,,,,,,,,
8534,12803,14126,10984,3510,Web Attack - XSS,3,FALSE,13474,2,0,,,,,,,,,,,,
13683,8084,11381,10674,1414,Web Attack - Brute Force,1,TRUE,14969,2,0,,,,,,,,,,,,
15284,10919,12563,7564,4523,Web Attack - XSS,0,FALSE,9439,0,0,,,,,,,,,,,,
11296,19755,9879,12288,1939,FTP-Patator,0,TRUE,11002,0,0,,,,,,,,,,,,
18964,14361,11391,15153,4431,SSH-Patator,2,FALSE,6698,0,1,,,,,,,,,,,,
17578,7593,8437,18619,3611,Web Attack - Brute Force,1,FALSE,705,2,0,,,,,,,,,,,,
16053,17106,16481,7990,1120,SSH-Patator,2,TRUE,6114,2,0,,,,,,,,,,,,
13731,8373,15970,10608,1357,DDoS,2,TRUE,12251,1,1,,,,,,,,,,,,
5783,15010,1272,13779,1448,PortScan,1,TRUE,7481,1,0,,,,,,,,,,,,
19641,9156,8316,10317,2068,Heartbleed,1,FALSE,6364,1,1,,,,,,,,,,,,
16288,15154,14718,6194,1422,Web Attack - Brute Force,0,FALSE,2571,0,0,,,,,,,,,,,,
5075,17588,8068,18479,3146,Web Attack - XSS,2,FALSE,7698,0,0,,,,,,,,,,,,
9356,7253,3269,6288,2992,Web Attack - XSS,0,FALSE,8671,2,1,,,,,,,,,,,,
11831,12347,16070,9935,2351,DoS slowloris,3,FALSE,6437,1,0,,,,,,,,,,,,
6085,5888,14113,12980,2949,DoS Slowhttptest,1,TRUE,12511,0,0,,,,,,,,,,,,
14322,10764,3016,16683,4426,SSH-Patator,3,TRUE,2814,0,1,,,,,,,,,,,,
10285,9158,19053,18888,3456,DoS DoldenEye,0,TRUE,6917,0,1,,,,,,,,,,,,
2484,19094,6953,12987,3656,Web Attack - Brute Force,2,TRUE,11713,0,1,,,,,,,,,,,,
14187,5673,12669,19550,1463,Web Attack - Brute Force,1,TRUE,1020,2,1,,,,,,,,,,,,
8675,8196,15515,18221,3391,Bot,0,TRUE,8258,0,0,,,,,,,,,,,,
10775,9053,2606,6611,4941,PortScan,3,FALSE,3187,0,0,,,,,,,,,,,,
3894,16837,18133,16693,2574,Heartbleed,0,TRUE,3544,1,1,,,,,,,,,,,,
2181,17028,6371,18047,1477,Web Attack - Brute Force,1,FALSE,8861,2,1,,,,,,,,,,,,
5069,16441,10872,1798,2959,Web Attack - Sql Injection,2,TRUE,2716,2,0,,,,,,,,,,,,
3337,5737,9789,17320,3183,DoS DoldenEye,0,TRUE,3012,1,1,,,,,,,,,,,,
10682,7833,4032,15765,1659,Web Attack - XSS,3,FALSE,14265,0,0,,,,,,,,,,,,
1980,11949,9281,5140,1061,DoS Hulk,2,FALSE,4793,2,0,,,,,,,,,,,,
19996,5655,11321,15918,3564,DoS slowloris,0,FALSE,12271,0,1,,,,,,,,,,,,
15438,17714,10326,1235,1968,DoS DoldenEye,0,TRUE,3683,0,0,,,,,,,,,,,,
13587,15051,17487,19149,2271,DoS Hulk,0,TRUE,9194,2,1,,,,,,,,,,,,
3569,7088,3711,2086,4971,Bot,0,FALSE,9762,0,1,,,,,,,,,,,,
13244,16339,18834,5400,4407,Web Attack - XSS,3,TRUE,7273,1,0,,,,,,,,,,,,
13000,15702,14273,13109,3246,DoS slowloris,0,FALSE,3792,1,0,,,,,,,,,,,,
8514,9362,16162,5565,2845,Web Attack - Brute Force,2,TRUE,10483,0,0,,,,,,,,,,,,
13150,14670,15736,6105,1418,Web Attack - Brute Force,2,TRUE,6829,0,0,,,,,,,,,,,,
14594,8695,11284,4468,4219,Web Attack - Brute Force,0,FALSE,5933,2,0,,,,,,,,,,,,
10851,8587,6402,16149,3410,DoS Hulk,0,TRUE,3432,2,0,,,,,,,,,,,,
5863,19506,6456,15306,2660,SSH-Patator,1,TRUE,10589,1,0,,,,,,,,,,,,
10992,19605,6182,10734,4434,Infiltration,2,FALSE,8005,1,1,,,,,,,,,,,,
7572,16993,17188,12857,1010,SSH-Patator,2,FALSE,2207,0,0,,,,,,,,,,,,
2283,15101,2074,5753,1365,Web Attack - XSS,1,TRUE,13571,0,0,,,,,,,,,,,,
11467,6701,9389,17844,1272,Web Attack - XSS,1,TRUE,5152,2,1,,,,,,,,,,,,
15909,10679,2137,3280,1617,Web Attack - Brute Force,0,FALSE,1202,0,1,,,,,,,,,,,,
17060,10459,14061,8992,4290,Web Attack - XSS,3,TRUE,13166,2,0,,,,,,,,,,,,
12742,16203,10488,6295,3033,DoS Hulk,2,FALSE,1585,0,1,,,,,,,,,,,,
14001,10732,1024,11533,4805,FTP-Patator,1,TRUE,5905,0,1,,,,,,,,,,,,
15747,17088,18893,3239,2858,Web Attack - XSS,0,FALSE,8863,1,1,,,,,,,,,,,,
4570,17397,9615,8868,3319,DoS slowloris,3,FALSE,7865,1,0,,,,,,,,,,,,
7839,9621,7322,10253,3884,PortScan,1,TRUE,12365,0,0,,,,,,,,,,,,
19162,15066,13686,5016,2194,DoS slowloris,1,TRUE,7526,2,0,,,,,,,,,,,,
9222,17853,1161,10153,1841,PortScan,0,TRUE,7150,0,0,,,,,,,,,,,,
9335,14649,3443,17830,3206,Web Attack - Brute Force,1,TRUE,13680,2,1,,,,,,,,,,,,
14622,16585,3683,5921,2795,SSH-Patator,1,FALSE,14289,2,0,,,,,,,,,,,,
16913,15563,4295,17100,4664,Bot,1,TRUE,12563,1,1,,,,,,,,,,,,
6171,12302,19926,1745,1684,Web Attack - XSS,1,FALSE,9356,0,1,,,,,,,,,,,,
4632,11241,5308,17217,2709,Infiltration,0,TRUE,14775,1,1,,,,,,,,,,,,
19193,14117,1069,17252,2125,Web Attack - Brute Force,2,FALSE,1764,1,1,,,,,,,,,,,,
9798,6212,17658,5067,3589,SSH-Patator,3,FALSE,9336,2,0,,,,,,,,,,,,
12941,5137,14096,10302,4302,DoS slowloris,0,FALSE,13594,0,1,,,,,,,,,,,,
2122,16060,19592,17371,2101,DoS slowloris,3,FALSE,6952,1,0,,,,,,,,,,,,
15097,12199,3720,8593,4590,Web Attack - Brute Force,0,TRUE,10689,2,1,,,,,,,,,,,,
7042,13217,6393,5173,2380,Infiltration,1,TRUE,9713,1,0,,,,,,,,,,,,
7975,15475,16587,14593,4735,Heartbleed,0,FALSE,3437,2,0,,,,,,,,,,,,
18117,14572,9477,6378,4912,PortScan,2,FALSE,12601,2,0,,,,,,,,,,,,
1880,16584,17173,11654,3197,SSH-Patator,0,TRUE,4749,2,0,,,,,,,,,,,,
16839,18570,3934,4226,3462,DoS Hulk,3,TRUE,5889,2,1,,,,,,,,,,,,
11342,15160,4197,1712,4189,BENIGN,1,TRUE,14868,0,1,,,,,,,,,,,,
19183,18077,16073,2261,3140,Web Attack - XSS,2,FALSE,2641,0,0,,,,,,,,,,,,
19397,19154,14422,14288,1909,PortScan,3,TRUE,564,1,1,,,,,,,,,,,,
16300,5713,16107,12177,2099,DoS DoldenEye,3,FALSE,8882,1,0,,,,,,,,,,,,
10599,12979,7099,6874,1179,DoS Slowhttptest,3,TRUE,6559,1,1,,,,,,,,,,,,
2259,6117,11644,16741,2243,FTP-Patator,2,TRUE,7513,2,1,,,,,,,,,,,,
15604,13163,12338,11122,2153,DoS DoldenEye,3,TRUE,4409,0,1,,,,,,,,,,,,
5323,5566,8107,17474,3211,Bot,2,FALSE,7632,0,1,,,,,,,,,,,,
10315,19891,14940,16093,4732,Web Attack - Brute Force,2,TRUE,5222,0,1,,,,,,,,,,,,
6575,5081,9159,1467,2318,Web Attack - Brute Force,1,TRUE,1101,0,1,,,,,,,,,,,,
6468,18712,4836,9540,2418,Web Attack - XSS,1,TRUE,13240,0,0,,,,,,,,,,,,
10572,14738,15080,17386,2169,Web Attack - XSS,2,TRUE,10952,0,0,,,,,,,,,,,,
4300,18000,4806,15397,4291,FTP-Patator,0,FALSE,3094,1,0,,,,,,,,,,,,
11350,7448,5653,9547,2210,Bot,2,FALSE,10885,1,0,,,,,,,,,,,,
9893,18513,10449,3022,2884,BENIGN,2,FALSE,11802,0,0,,,,,,,,,,,,
18733,6057,5738,18717,2042,Bot,1,FALSE,13455,1,0,,,,,,,,,,,,
7654,16346,7177,17744,4052,DDoS,0,TRUE,9388,0,1,,,,,,,,,,,,
8780,19222,11334,8510,1378,Infiltration,2,TRUE,14183,0,1,,,,,,,,,,,,
18989,11427,4852,4103,3739,Web Attack - XSS,1,FALSE,14837,1,1,,,,,,,,,,,,
3432,18088,10728,1955,4428,Web Attack - XSS,2,TRUE,4037,2,1,,,,,,,,,,,,
15925,16860,7747,8741,2815,DDoS,0,TRUE,3362,1,1,,,,,,,,,,,,
16287,6070,7758,17578,2269,DoS slowloris,3,TRUE,9931,0,0,,,,,,,,,,,,
13267,9490,3552,17365,2204,SSH-Patator,2,TRUE,13042,0,1,,,,,,,,,,,,
18981,17841,3660,6339,1597,Infiltration,0,FALSE,13657,1,0,,,,,,,,,,,,
11130,15603,3125,7991,3590,BENIGN,1,FALSE,9482,2,1,,,,,,,,,,,,
6560,19887,12373,12080,4998,Infiltration,3,TRUE,8148,2,0,,,,,,,,,,,,
13222,7018,17088,13578,1397,PortScan,0,FALSE,2875,2,1,,,,,,,,,,,,
18307,9706,5299,19470,2222,BENIGN,0,FALSE,9008,2,0,,,,,,,,,,,,
15170,8339,3213,9165,2810,Bot,3,TRUE,2870,2,0,,,,,,,,,,,,
